filename,call_id,call_type,date,time,duration_seconds,agent_name,sentiment,issue_resolved,issue_category,sale_completed,product_category,customer_id,agent_id,language,call_quality,handle_time_efficient,follow_up_required
call_000001.json,1,retention,2025-08-24,12:51:02,44.5,Mike,positive,True,retention,N/A,N/A,CUST80284,AGENT3045,English,poor,yes,no
call_000002.json,2,general,2025-11-01,11:58:36,45.6,Robert,negative,True,technical_support,N/A,N/A,CUST37869,AGENT9179,English,poor,no,yes
call_000003.json,3,billing,2025-09-12,08:46:56,43.8,Jennifer,positive,True,service_quality,N/A,N/A,CUST75612,AGENT3927,English,excellent,no,yes
call_000004.json,4,sales,2025-11-01,13:01:37,49.6,Robert,positive,N/A,complaint,True,Add-on Service,CUST40161,AGENT4608,English,excellent,yes,yes
call_000005.json,5,sales,2025-10-31,15:51:55,43.9,Mike,positive,N/A,complaint,False,Bundles,CUST22833,AGENT1828,English,excellent,yes,yes
call_000006.json,6,sales,2025-08-29,11:37:38,41.5,Emily,neutral,N/A,connectivity,False,Mobile Plan,CUST91183,AGENT2343,English,poor,no,no
call_000007.json,7,sales,2025-08-31,10:17:18,48.1,Robert,positive,N/A,inquiry,False,TV Package,CUST37607,AGENT6617,English,good,no,no
call_000008.json,8,billing,2025-10-21,11:55:10,44.5,Sarah,positive,True,device,N/A,N/A,CUST64040,AGENT1406,English,good,no,no
call_000009.json,9,general,2025-09-30,14:38:32,42.0,David,neutral,False,billing,N/A,N/A,CUST60488,AGENT4114,English,fair,yes,no
call_000010.json,10,support,2025-10-04,16:42:40,45.1,David,neutral,True,inquiry,N/A,N/A,CUST53933,AGENT2530,English,good,no,yes
call_000011.json,11,general,2025-09-06,14:53:58,44.7,David,positive,False,complaint,N/A,N/A,CUST68446,AGENT3607,English,poor,no,no
call_000012.json,12,general,2025-09-17,16:47:47,43.5,David,negative,False,complaint,N/A,N/A,CUST89069,AGENT4613,English,poor,yes,no
call_000013.json,13,technical,2025-11-03,13:14:41,36.7,James,positive,False,billing,N/A,N/A,CUST95426,AGENT1659,English,excellent,yes,yes
call_000014.json,14,general,2025-08-29,08:22:34,37.7,Sarah,negative,False,sales_inquiry,N/A,N/A,CUST96706,AGENT7071,English,excellent,no,yes
call_000015.json,15,general,2025-08-12,12:35:00,43.3,Emily,neutral,False,complaint,N/A,N/A,CUST35042,AGENT2402,English,good,no,no
call_000016.json,16,account,2025-10-28,11:18:14,46.4,David,negative,False,technical_support,N/A,N/A,CUST33519,AGENT5952,English,excellent,yes,no
call_000017.json,17,support,2025-08-26,14:19:36,43.0,Sarah,negative,True,inquiry,N/A,N/A,CUST17894,AGENT2625,English,good,yes,no
call_000018.json,18,retention,2025-09-14,09:29:44,41.3,Mike,positive,False,service_quality,N/A,N/A,CUST62757,AGENT5460,English,poor,no,yes
call_000019.json,19,account,2025-08-31,08:29:05,47.8,Sarah,neutral,True,technical_support,N/A,N/A,CUST43082,AGENT6296,English,excellent,no,yes
call_000020.json,20,retention,2025-09-17,15:30:15,45.7,James,neutral,True,retention,N/A,N/A,CUST82255,AGENT3369,English,poor,yes,yes
call_000021.json,21,general,2025-11-05,10:32:37,44.6,Mike,neutral,False,technical_support,N/A,N/A,CUST23154,AGENT8213,English,excellent,no,yes
call_000022.json,22,retention,2025-11-02,12:22:23,37.8,Jennifer,neutral,True,sales_inquiry,N/A,N/A,CUST29080,AGENT5000,English,poor,yes,yes
call_000023.json,23,sales,2025-08-17,14:17:00,46.8,Mike,negative,N/A,inquiry,False,Add-on Service,CUST99889,AGENT1803,English,poor,no,yes
call_000024.json,24,account,2025-10-31,10:48:14,46.1,Robert,positive,True,sales_inquiry,N/A,N/A,CUST83048,AGENT6992,English,excellent,no,yes
call_000025.json,25,billing,2025-10-21,14:41:06,46.4,Mike,neutral,False,retention,N/A,N/A,CUST90694,AGENT7686,English,fair,yes,no
call_000026.json,26,sales,2025-11-06,10:00:22,45.0,James,neutral,N/A,account,True,Device,CUST87182,AGENT6304,English,excellent,yes,no
call_000027.json,27,support,2025-08-24,14:06:50,45.1,Jennifer,negative,False,billing,N/A,N/A,CUST95814,AGENT4522,English,poor,no,yes
call_000028.json,28,technical,2025-08-30,13:07:48,44.8,Robert,neutral,False,service_quality,N/A,N/A,CUST85248,AGENT4705,English,poor,yes,no
call_000029.json,29,support,2025-09-15,09:18:43,42.1,Jennifer,neutral,False,inquiry,N/A,N/A,CUST73783,AGENT9633,English,fair,yes,yes
call_000030.json,30,technical,2025-09-24,09:27:54,42.7,Sarah,positive,False,billing,N/A,N/A,CUST41891,AGENT8138,English,poor,yes,no
call_000031.json,31,general,2025-08-26,08:22:32,44.8,Lisa,negative,True,billing,N/A,N/A,CUST50685,AGENT8565,English,poor,yes,yes
call_000032.json,32,billing,2025-08-21,13:04:21,46.1,Lisa,positive,True,billing,N/A,N/A,CUST83133,AGENT7333,English,fair,no,yes
call_000033.json,33,billing,2025-09-01,16:02:42,39.6,Mike,negative,True,technical_support,N/A,N/A,CUST91006,AGENT3147,English,poor,yes,yes
call_000034.json,34,sales,2025-10-27,16:54:07,40.9,Jennifer,negative,N/A,service_quality,False,Bundles,CUST20993,AGENT3626,English,fair,no,yes
call_000035.json,35,general,2025-08-24,16:27:07,45.6,Emily,positive,True,service_quality,N/A,N/A,CUST41147,AGENT5934,English,excellent,yes,yes
call_000036.json,36,technical,2025-08-21,09:49:37,43.2,James,positive,True,technical_support,N/A,N/A,CUST27486,AGENT1726,English,fair,no,yes
call_000037.json,37,general,2025-09-14,14:21:11,42.0,James,negative,False,retention,N/A,N/A,CUST75211,AGENT7018,English,fair,yes,no
call_000038.json,38,support,2025-08-15,15:23:23,42.8,Emily,negative,True,retention,N/A,N/A,CUST20077,AGENT3255,English,fair,no,no
call_000039.json,39,retention,2025-09-05,11:07:12,46.1,Lisa,positive,True,device,N/A,N/A,CUST41029,AGENT9094,English,excellent,no,no
call_000040.json,40,technical,2025-09-04,12:54:05,38.6,Jennifer,negative,True,service_quality,N/A,N/A,CUST35729,AGENT5496,English,good,no,yes
call_000041.json,41,account,2025-10-14,13:38:09,38.7,Jennifer,negative,False,technical_support,N/A,N/A,CUST51853,AGENT6658,English,poor,yes,no
call_000042.json,42,account,2025-11-08,09:27:08,44.6,Mike,neutral,False,service_quality,N/A,N/A,CUST57943,AGENT7606,English,fair,yes,no
call_000043.json,43,support,2025-09-06,16:34:31,48.8,David,neutral,True,inquiry,N/A,N/A,CUST49294,AGENT8780,English,excellent,no,no
call_000044.json,44,retention,2025-08-17,15:33:24,42.9,Mike,neutral,True,technical_support,N/A,N/A,CUST32699,AGENT8531,English,fair,no,no
call_000045.json,45,account,2025-08-12,12:08:06,39.5,James,positive,True,inquiry,N/A,N/A,CUST86917,AGENT4920,English,good,yes,yes
call_000046.json,46,retention,2025-11-08,12:36:38,46.8,David,positive,True,billing,N/A,N/A,CUST53914,AGENT5662,English,poor,no,yes
call_000047.json,47,general,2025-08-28,08:16:41,39.4,James,neutral,False,technical_support,N/A,N/A,CUST40972,AGENT2017,English,excellent,no,no
call_000048.json,48,sales,2025-09-14,09:43:13,47.6,Emily,negative,N/A,inquiry,True,Add-on Service,CUST74071,AGENT2489,English,poor,yes,no
call_000049.json,49,sales,2025-09-20,16:08:46,44.9,Emily,neutral,N/A,account,False,Bundles,CUST10455,AGENT1372,English,fair,no,no
call_000050.json,50,account,2025-08-25,13:15:19,47.0,Emily,positive,True,device,N/A,N/A,CUST96535,AGENT9540,English,good,no,no
call_000051.json,51,billing,2025-09-23,09:34:46,45.1,Sarah,negative,False,account,N/A,N/A,CUST16755,AGENT5398,English,poor,yes,yes
call_000052.json,52,sales,2025-08-31,17:37:46,49.2,David,neutral,N/A,sales_inquiry,False,TV Package,CUST48691,AGENT3497,English,good,no,yes
call_000053.json,53,technical,2025-08-23,15:42:31,41.8,David,neutral,True,connectivity,N/A,N/A,CUST10866,AGENT9719,English,poor,yes,yes
call_000054.json,54,account,2025-08-20,08:44:10,39.1,Lisa,negative,False,billing,N/A,N/A,CUST75517,AGENT8109,English,fair,yes,yes
call_000055.json,55,sales,2025-08-25,14:49:20,38.0,David,negative,N/A,connectivity,False,Bundles,CUST93115,AGENT5478,English,poor,no,yes
call_000056.json,56,billing,2025-09-18,14:49:05,41.8,Emily,neutral,False,complaint,N/A,N/A,CUST41816,AGENT9537,English,good,no,yes
call_000057.json,57,sales,2025-10-09,13:24:17,47.8,Lisa,neutral,N/A,sales_inquiry,False,TV Package,CUST57843,AGENT2865,English,good,yes,yes
call_000058.json,58,retention,2025-08-15,14:48:21,44.5,James,negative,False,sales_inquiry,N/A,N/A,CUST23886,AGENT1172,English,excellent,no,yes
call_000059.json,59,account,2025-08-31,10:21:35,45.0,David,neutral,False,sales_inquiry,N/A,N/A,CUST70562,AGENT4798,English,poor,yes,yes
call_000060.json,60,retention,2025-08-26,09:43:08,45.8,Emily,neutral,False,technical_support,N/A,N/A,CUST25448,AGENT4908,English,fair,yes,yes
call_000061.json,61,billing,2025-10-05,11:34:18,43.1,Jennifer,negative,True,device,N/A,N/A,CUST69942,AGENT9115,English,excellent,yes,no
call_000062.json,62,general,2025-10-05,17:34:10,40.8,Robert,negative,False,technical_support,N/A,N/A,CUST48356,AGENT5740,English,fair,yes,yes
call_000063.json,63,general,2025-09-16,11:31:17,43.8,Emily,positive,False,technical_support,N/A,N/A,CUST47171,AGENT6533,English,good,no,no
call_000064.json,64,retention,2025-08-11,09:00:13,40.6,Sarah,positive,True,retention,N/A,N/A,CUST20215,AGENT3174,English,good,no,yes
call_000065.json,65,support,2025-09-16,13:50:08,41.8,Robert,positive,True,account,N/A,N/A,CUST46302,AGENT2380,English,good,no,yes
call_000066.json,66,general,2025-08-21,16:49:26,45.7,Lisa,positive,False,sales_inquiry,N/A,N/A,CUST62727,AGENT2350,English,good,no,yes
call_000067.json,67,billing,2025-10-25,08:21:51,42.9,Mike,negative,False,sales_inquiry,N/A,N/A,CUST45649,AGENT9582,English,excellent,no,yes
call_000068.json,68,technical,2025-08-15,08:11:14,44.1,James,negative,True,complaint,N/A,N/A,CUST16019,AGENT7568,English,excellent,no,no
call_000069.json,69,general,2025-10-29,08:58:14,42.2,Lisa,neutral,True,complaint,N/A,N/A,CUST64140,AGENT7102,English,poor,yes,yes
call_000070.json,70,account,2025-08-14,12:52:45,46.9,Jennifer,negative,True,inquiry,N/A,N/A,CUST15286,AGENT4522,English,fair,yes,yes
call_000071.json,71,retention,2025-09-11,08:10:59,46.2,David,neutral,True,inquiry,N/A,N/A,CUST66774,AGENT7471,English,poor,yes,no
call_000072.json,72,retention,2025-11-06,12:03:51,50.7,Emily,positive,True,retention,N/A,N/A,CUST79393,AGENT6856,English,good,yes,yes
call_000073.json,73,sales,2025-09-27,10:58:51,40.8,David,neutral,N/A,technical_support,True,Bundles,CUST17806,AGENT1359,English,good,yes,yes
call_000074.json,74,general,2025-08-29,09:59:31,46.5,Robert,positive,False,device,N/A,N/A,CUST53406,AGENT2274,English,good,no,no
call_000075.json,75,sales,2025-10-27,09:21:10,37.7,Mike,negative,N/A,sales_inquiry,False,Device,CUST31090,AGENT2228,English,excellent,no,no
call_000076.json,76,retention,2025-09-20,15:31:57,44.3,Sarah,neutral,True,service_quality,N/A,N/A,CUST21945,AGENT9914,English,poor,yes,no
call_000077.json,77,technical,2025-08-22,10:07:48,44.4,Robert,positive,True,retention,N/A,N/A,CUST32659,AGENT3738,English,good,yes,yes
call_000078.json,78,support,2025-09-26,14:16:24,38.3,Emily,positive,False,retention,N/A,N/A,CUST84976,AGENT8750,English,excellent,yes,no
call_000079.json,79,technical,2025-09-05,10:04:19,45.8,Jennifer,negative,True,complaint,N/A,N/A,CUST62872,AGENT3222,English,excellent,yes,yes
call_000080.json,80,general,2025-08-19,11:43:13,36.5,David,positive,False,service_quality,N/A,N/A,CUST95404,AGENT7709,English,excellent,yes,no
call_000081.json,81,sales,2025-08-25,14:42:20,36.0,Jennifer,negative,N/A,device,False,Add-on Service,CUST13336,AGENT9148,English,fair,no,no
call_000082.json,82,technical,2025-08-20,17:37:39,46.8,Emily,negative,True,billing,N/A,N/A,CUST71894,AGENT4187,English,excellent,no,no
call_000083.json,83,technical,2025-11-05,16:12:46,42.4,Sarah,positive,True,technical_support,N/A,N/A,CUST11845,AGENT6279,English,good,yes,yes
call_000084.json,84,retention,2025-09-24,08:24:56,46.7,David,positive,False,service_quality,N/A,N/A,CUST80088,AGENT1796,English,excellent,yes,yes
call_000085.json,85,support,2025-09-09,13:15:00,46.7,Mike,neutral,True,connectivity,N/A,N/A,CUST98032,AGENT2458,English,excellent,no,yes
call_000086.json,86,support,2025-09-12,12:53:24,35.9,Mike,negative,True,retention,N/A,N/A,CUST65278,AGENT3732,English,excellent,yes,yes
call_000087.json,87,general,2025-08-15,14:09:53,41.4,Jennifer,positive,True,complaint,N/A,N/A,CUST90335,AGENT1894,English,excellent,yes,no
call_000088.json,88,general,2025-09-24,08:52:14,42.6,James,positive,True,retention,N/A,N/A,CUST53512,AGENT8751,English,fair,no,yes
call_000089.json,89,support,2025-09-15,17:30:59,47.6,David,positive,False,complaint,N/A,N/A,CUST33226,AGENT3845,English,good,yes,no
call_000090.json,90,retention,2025-09-25,16:30:37,42.3,Robert,negative,True,inquiry,N/A,N/A,CUST97445,AGENT7839,English,fair,no,yes
call_000091.json,91,account,2025-09-14,11:58:40,47.8,Mike,positive,True,technical_support,N/A,N/A,CUST87120,AGENT9955,English,good,yes,no
call_000092.json,92,technical,2025-10-29,13:14:56,44.5,Jennifer,negative,True,account,N/A,N/A,CUST96944,AGENT6437,English,fair,no,no
call_000093.json,93,sales,2025-09-16,09:13:34,43.6,James,negative,N/A,sales_inquiry,False,Bundles,CUST94746,AGENT2181,English,good,yes,no
call_000094.json,94,retention,2025-08-17,08:30:10,41.8,Robert,positive,True,complaint,N/A,N/A,CUST38818,AGENT3234,English,poor,no,yes
call_000095.json,95,billing,2025-09-28,13:08:42,44.0,Robert,positive,True,account,N/A,N/A,CUST23113,AGENT5671,English,excellent,yes,no
call_000096.json,96,technical,2025-11-07,16:40:01,41.3,James,neutral,False,inquiry,N/A,N/A,CUST85877,AGENT7637,English,good,yes,no
call_000097.json,97,account,2025-09-24,14:30:58,44.5,James,negative,True,retention,N/A,N/A,CUST16086,AGENT1653,English,fair,yes,no
call_000098.json,98,general,2025-09-17,13:46:07,39.5,Lisa,negative,True,retention,N/A,N/A,CUST98503,AGENT8844,English,poor,yes,yes
call_000099.json,99,retention,2025-09-27,15:38:37,47.0,Emily,positive,True,billing,N/A,N/A,CUST40122,AGENT7196,English,poor,yes,yes
call_000100.json,100,support,2025-10-30,12:38:56,44.8,David,negative,False,complaint,N/A,N/A,CUST63562,AGENT5223,English,good,yes,yes
call_000101.json,101,account,2025-08-17,09:47:14,39.6,Mike,negative,False,retention,N/A,N/A,CUST31206,AGENT2642,English,good,no,no
call_000102.json,102,general,2025-10-11,17:10:43,40.2,Sarah,positive,False,connectivity,N/A,N/A,CUST57151,AGENT4919,English,excellent,yes,yes
call_000103.json,103,billing,2025-09-14,14:36:30,45.3,Emily,neutral,False,account,N/A,N/A,CUST54520,AGENT8517,English,poor,yes,no
call_000104.json,104,support,2025-08-22,13:09:49,48.3,Lisa,positive,False,billing,N/A,N/A,CUST25712,AGENT2285,English,poor,yes,yes
call_000105.json,105,general,2025-10-07,11:17:30,41.9,James,neutral,False,inquiry,N/A,N/A,CUST54970,AGENT6995,English,good,no,no
call_000106.json,106,sales,2025-09-10,09:28:47,48.0,Emily,negative,N/A,technical_support,True,Bundles,CUST44048,AGENT6914,English,fair,no,no
call_000107.json,107,support,2025-09-20,12:56:28,45.6,Emily,positive,True,technical_support,N/A,N/A,CUST86928,AGENT9535,English,poor,no,yes
call_000108.json,108,sales,2025-09-01,12:35:28,42.0,Sarah,positive,N/A,device,False,Broadband,CUST80685,AGENT3900,English,poor,no,no
call_000109.json,109,billing,2025-10-12,12:05:27,44.6,James,negative,False,account,N/A,N/A,CUST77713,AGENT5454,English,fair,no,no
call_000110.json,110,sales,2025-09-20,09:34:30,46.8,Mike,positive,N/A,device,True,Broadband,CUST35191,AGENT5097,English,poor,yes,yes
call_000111.json,111,general,2025-10-09,08:02:37,44.9,David,neutral,True,retention,N/A,N/A,CUST88146,AGENT3539,English,fair,yes,yes
call_000112.json,112,sales,2025-09-11,12:55:53,42.5,James,positive,N/A,inquiry,False,TV Package,CUST82682,AGENT3627,English,excellent,yes,no
call_000113.json,113,billing,2025-10-28,08:36:41,39.3,Lisa,negative,True,sales_inquiry,N/A,N/A,CUST96235,AGENT9026,English,fair,yes,no
call_000114.json,114,sales,2025-09-16,09:10:50,50.1,Mike,positive,N/A,device,True,Device,CUST82085,AGENT7579,English,fair,yes,no
call_000115.json,115,billing,2025-09-05,16:36:59,40.9,Robert,negative,False,inquiry,N/A,N/A,CUST30278,AGENT2544,English,excellent,no,no
call_000116.json,116,sales,2025-09-29,16:44:14,48.9,Jennifer,neutral,N/A,device,True,TV Package,CUST16621,AGENT7436,English,poor,yes,yes
call_000117.json,117,technical,2025-08-18,08:49:19,39.3,Lisa,neutral,True,device,N/A,N/A,CUST55838,AGENT8245,English,good,no,yes
call_000118.json,118,general,2025-08-22,12:03:29,42.6,David,positive,True,connectivity,N/A,N/A,CUST18729,AGENT7367,English,fair,no,yes
call_000119.json,119,support,2025-10-05,11:09:21,46.1,Lisa,negative,False,sales_inquiry,N/A,N/A,CUST96105,AGENT3248,English,excellent,no,yes
call_000120.json,120,technical,2025-10-02,15:47:59,40.4,David,negative,True,service_quality,N/A,N/A,CUST29917,AGENT4079,English,excellent,yes,yes
call_000121.json,121,support,2025-10-09,14:25:49,47.0,Lisa,negative,False,connectivity,N/A,N/A,CUST89682,AGENT7232,English,fair,no,yes
call_000122.json,122,account,2025-08-26,11:56:29,45.0,Mike,neutral,False,billing,N/A,N/A,CUST42778,AGENT6309,English,good,yes,yes
call_000123.json,123,support,2025-08-24,15:15:13,47.6,James,negative,False,inquiry,N/A,N/A,CUST96438,AGENT8794,English,poor,no,no
call_000124.json,124,support,2025-08-31,09:18:30,45.2,Sarah,positive,False,device,N/A,N/A,CUST25993,AGENT5496,English,fair,no,yes
call_000125.json,125,retention,2025-09-17,14:02:21,40.3,David,negative,False,technical_support,N/A,N/A,CUST83454,AGENT4478,English,excellent,yes,no
call_000126.json,126,billing,2025-09-25,09:09:17,44.7,Mike,neutral,False,connectivity,N/A,N/A,CUST54453,AGENT7147,English,good,no,yes
call_000127.json,127,account,2025-10-24,11:46:02,45.1,Mike,neutral,True,retention,N/A,N/A,CUST60801,AGENT9558,English,excellent,yes,no
call_000128.json,128,support,2025-09-27,16:28:03,43.4,Mike,neutral,False,device,N/A,N/A,CUST13800,AGENT8712,English,excellent,yes,no
call_000129.json,129,support,2025-09-29,15:31:01,40.4,Mike,neutral,True,billing,N/A,N/A,CUST72303,AGENT2849,English,fair,no,no
call_000130.json,130,general,2025-08-25,15:20:35,42.0,Jennifer,neutral,False,billing,N/A,N/A,CUST68355,AGENT3886,English,fair,no,yes
call_000131.json,131,account,2025-08-27,08:39:32,41.4,Mike,negative,False,sales_inquiry,N/A,N/A,CUST26718,AGENT5819,English,excellent,no,yes
call_000132.json,132,support,2025-08-19,14:55:29,38.3,Robert,positive,False,inquiry,N/A,N/A,CUST65797,AGENT3945,English,poor,no,no
call_000133.json,133,technical,2025-11-03,13:34:49,40.8,Robert,positive,True,connectivity,N/A,N/A,CUST71455,AGENT8438,English,poor,no,no
call_000134.json,134,billing,2025-09-23,10:16:50,40.9,Lisa,neutral,True,account,N/A,N/A,CUST73559,AGENT3962,English,excellent,no,yes
call_000135.json,135,sales,2025-08-14,08:06:58,51.4,Jennifer,neutral,N/A,complaint,False,Add-on Service,CUST93548,AGENT6797,English,poor,no,no
call_000136.json,136,billing,2025-08-24,10:24:42,41.5,Lisa,positive,False,inquiry,N/A,N/A,CUST34217,AGENT2816,English,good,no,no
call_000137.json,137,technical,2025-10-31,17:46:16,44.5,Mike,negative,False,retention,N/A,N/A,CUST12459,AGENT9154,English,good,yes,yes
call_000138.json,138,retention,2025-10-02,14:57:06,44.1,Emily,neutral,False,technical_support,N/A,N/A,CUST73766,AGENT2390,English,poor,yes,yes
call_000139.json,139,support,2025-10-01,09:29:39,42.8,David,positive,False,device,N/A,N/A,CUST87469,AGENT2047,English,excellent,yes,no
call_000140.json,140,account,2025-11-09,10:59:05,37.6,David,positive,True,inquiry,N/A,N/A,CUST47189,AGENT7819,English,poor,yes,yes
call_000141.json,141,sales,2025-09-24,12:13:27,45.5,Lisa,negative,N/A,service_quality,True,Bundles,CUST53816,AGENT8424,English,excellent,yes,yes
call_000142.json,142,account,2025-08-21,13:17:12,40.6,Jennifer,positive,False,technical_support,N/A,N/A,CUST26673,AGENT1525,English,excellent,no,yes
call_000143.json,143,support,2025-09-06,08:27:33,48.2,James,neutral,True,sales_inquiry,N/A,N/A,CUST72818,AGENT2605,English,poor,no,yes
call_000144.json,144,support,2025-10-14,09:39:56,44.9,Sarah,negative,False,technical_support,N/A,N/A,CUST17184,AGENT9433,English,fair,yes,yes
call_000145.json,145,technical,2025-09-13,17:23:51,44.5,Robert,neutral,False,billing,N/A,N/A,CUST34687,AGENT8501,English,excellent,yes,no
call_000146.json,146,sales,2025-10-04,08:09:22,44.0,Lisa,positive,N/A,service_quality,False,Device,CUST69759,AGENT3725,English,good,no,yes
call_000147.json,147,sales,2025-08-29,15:21:44,47.2,Jennifer,positive,N/A,billing,True,Bundles,CUST72781,AGENT1656,English,good,yes,no
call_000148.json,148,support,2025-09-14,14:51:28,43.3,Emily,negative,False,service_quality,N/A,N/A,CUST31468,AGENT7944,English,poor,yes,yes
call_000149.json,149,sales,2025-09-08,11:01:07,48.8,David,neutral,N/A,service_quality,True,TV Package,CUST74625,AGENT2093,English,fair,no,no
call_000150.json,150,general,2025-08-14,12:17:43,43.6,Lisa,negative,False,technical_support,N/A,N/A,CUST22561,AGENT9755,English,fair,yes,yes
call_000151.json,151,sales,2025-10-01,10:13:08,48.7,Lisa,neutral,N/A,billing,True,Bundles,CUST65680,AGENT2830,English,excellent,yes,no
call_000152.json,152,general,2025-09-03,11:45:12,38.9,Emily,positive,True,service_quality,N/A,N/A,CUST32514,AGENT9800,English,excellent,yes,yes
call_000153.json,153,account,2025-11-01,15:43:23,43.1,James,neutral,False,device,N/A,N/A,CUST11675,AGENT9055,English,excellent,no,no
call_000154.json,154,account,2025-10-27,09:16:31,46.5,Mike,positive,False,retention,N/A,N/A,CUST40254,AGENT3205,English,excellent,yes,yes
call_000155.json,155,general,2025-09-22,15:29:02,42.3,Mike,neutral,False,connectivity,N/A,N/A,CUST33182,AGENT5965,English,good,no,no
call_000156.json,156,sales,2025-11-02,11:15:15,39.5,Lisa,negative,N/A,service_quality,True,Mobile Plan,CUST87664,AGENT2391,English,excellent,no,yes
call_000157.json,157,billing,2025-10-02,17:25:51,47.1,Jennifer,positive,False,account,N/A,N/A,CUST91863,AGENT2506,English,excellent,no,no
call_000158.json,158,support,2025-08-14,12:54:27,46.9,James,neutral,True,sales_inquiry,N/A,N/A,CUST51766,AGENT2055,English,good,no,no
call_000159.json,159,general,2025-09-18,13:42:42,42.4,Lisa,negative,False,billing,N/A,N/A,CUST62021,AGENT3302,English,good,yes,yes
call_000160.json,160,account,2025-08-24,08:53:47,44.7,Lisa,neutral,True,connectivity,N/A,N/A,CUST98027,AGENT4926,English,fair,no,no
call_000161.json,161,retention,2025-10-28,10:44:16,41.4,Robert,negative,False,complaint,N/A,N/A,CUST18698,AGENT6764,English,poor,no,no
call_000162.json,162,retention,2025-11-07,16:41:39,42.7,Sarah,positive,False,account,N/A,N/A,CUST21662,AGENT8576,English,good,no,yes
call_000163.json,163,support,2025-10-07,11:39:28,41.6,Emily,negative,False,account,N/A,N/A,CUST58449,AGENT8506,English,excellent,yes,no
call_000164.json,164,sales,2025-08-11,16:27:09,40.9,Robert,negative,N/A,service_quality,False,Add-on Service,CUST25314,AGENT6132,English,excellent,yes,no
call_000165.json,165,general,2025-09-07,09:54:46,44.8,Lisa,negative,True,device,N/A,N/A,CUST26207,AGENT6727,English,excellent,yes,no
call_000166.json,166,sales,2025-09-29,17:08:13,46.5,Jennifer,negative,N/A,connectivity,False,Device,CUST94363,AGENT5635,English,fair,yes,yes
call_000167.json,167,account,2025-08-21,14:05:02,42.5,Emily,positive,True,complaint,N/A,N/A,CUST54793,AGENT8594,English,good,yes,no
call_000168.json,168,account,2025-08-11,12:20:37,45.7,Mike,neutral,True,retention,N/A,N/A,CUST97852,AGENT8371,English,fair,no,yes
call_000169.json,169,sales,2025-08-21,16:12:05,36.6,Jennifer,positive,N/A,service_quality,False,Mobile Plan,CUST70742,AGENT3427,English,poor,no,yes
call_000170.json,170,support,2025-08-19,14:56:30,43.0,Jennifer,positive,False,billing,N/A,N/A,CUST74852,AGENT6681,English,poor,no,yes
call_000171.json,171,sales,2025-10-14,16:03:01,39.6,Lisa,negative,N/A,technical_support,True,Device,CUST44184,AGENT6849,English,good,yes,yes
call_000172.json,172,general,2025-10-20,12:45:28,42.4,Mike,neutral,False,complaint,N/A,N/A,CUST75325,AGENT2626,English,good,no,no
call_000173.json,173,general,2025-09-30,14:49:10,44.6,Jennifer,positive,False,sales_inquiry,N/A,N/A,CUST18056,AGENT7443,English,excellent,yes,yes
call_000174.json,174,retention,2025-09-01,12:13:05,42.6,Lisa,neutral,False,complaint,N/A,N/A,CUST82323,AGENT6115,English,fair,yes,yes
call_000175.json,175,support,2025-09-04,17:12:52,42.5,Lisa,positive,False,technical_support,N/A,N/A,CUST69547,AGENT2605,English,good,no,no
call_000176.json,176,support,2025-10-25,17:54:26,47.3,Mike,positive,True,billing,N/A,N/A,CUST25842,AGENT7055,English,fair,yes,yes
call_000177.json,177,support,2025-09-29,09:51:39,45.8,Robert,neutral,False,inquiry,N/A,N/A,CUST63690,AGENT7344,English,good,no,no
call_000178.json,178,account,2025-11-04,15:55:59,41.2,Sarah,negative,True,connectivity,N/A,N/A,CUST54558,AGENT8160,English,good,no,yes
call_000179.json,179,general,2025-10-06,08:20:29,43.9,Robert,neutral,True,complaint,N/A,N/A,CUST63356,AGENT2072,English,poor,yes,no
call_000180.json,180,retention,2025-08-14,14:22:53,47.1,David,positive,False,account,N/A,N/A,CUST86697,AGENT9361,English,fair,yes,yes
call_000181.json,181,retention,2025-09-02,09:50:56,44.2,Mike,neutral,False,billing,N/A,N/A,CUST80601,AGENT1507,English,poor,yes,no
call_000182.json,182,general,2025-08-31,11:42:47,45.2,Emily,negative,True,inquiry,N/A,N/A,CUST98103,AGENT3875,English,excellent,yes,yes
call_000183.json,183,sales,2025-10-16,13:05:56,42.1,Lisa,negative,N/A,inquiry,True,Add-on Service,CUST13325,AGENT4696,English,poor,yes,yes
call_000184.json,184,sales,2025-08-15,08:35:03,48.3,Jennifer,neutral,N/A,service_quality,True,Add-on Service,CUST59998,AGENT7581,English,excellent,no,yes
call_000185.json,185,general,2025-09-05,13:19:37,40.4,Sarah,neutral,True,complaint,N/A,N/A,CUST29087,AGENT3415,English,poor,no,no
call_000186.json,186,billing,2025-11-09,11:44:14,40.4,Robert,positive,False,retention,N/A,N/A,CUST91778,AGENT4492,English,good,no,no
call_000187.json,187,general,2025-10-26,13:59:13,39.8,Emily,positive,False,service_quality,N/A,N/A,CUST69795,AGENT4934,English,fair,no,yes
call_000188.json,188,account,2025-08-23,09:10:32,41.3,Emily,negative,False,sales_inquiry,N/A,N/A,CUST94550,AGENT9342,English,fair,no,no
call_000189.json,189,sales,2025-10-18,15:14:16,45.3,Robert,negative,N/A,billing,True,Broadband,CUST57067,AGENT2350,English,fair,yes,no
call_000190.json,190,sales,2025-09-11,13:50:05,43.0,Mike,positive,N/A,technical_support,False,Device,CUST34621,AGENT8025,English,poor,yes,no
call_000191.json,191,technical,2025-08-29,15:40:57,43.0,Sarah,neutral,True,service_quality,N/A,N/A,CUST22221,AGENT3808,English,excellent,yes,yes
call_000192.json,192,general,2025-11-09,10:28:04,43.3,James,positive,False,sales_inquiry,N/A,N/A,CUST89278,AGENT5044,English,fair,no,no
call_000193.json,193,technical,2025-09-23,09:48:06,42.7,Sarah,negative,True,complaint,N/A,N/A,CUST52731,AGENT7719,English,poor,yes,no
call_000194.json,194,sales,2025-08-16,08:43:17,48.9,Sarah,neutral,N/A,device,True,Device,CUST67757,AGENT6866,English,good,yes,yes
call_000195.json,195,retention,2025-09-01,14:27:07,40.8,David,neutral,True,account,N/A,N/A,CUST38020,AGENT2734,English,fair,no,yes
call_000196.json,196,support,2025-08-24,17:28:24,50.7,Emily,negative,True,complaint,N/A,N/A,CUST93963,AGENT4808,English,excellent,yes,yes
call_000197.json,197,account,2025-08-12,11:38:55,42.2,Mike,neutral,False,sales_inquiry,N/A,N/A,CUST78350,AGENT6269,English,good,no,yes
call_000198.json,198,support,2025-09-22,14:54:05,44.7,James,positive,False,service_quality,N/A,N/A,CUST88011,AGENT9801,English,good,yes,no
call_000199.json,199,technical,2025-09-08,13:44:03,44.9,James,neutral,False,sales_inquiry,N/A,N/A,CUST65579,AGENT5043,English,good,no,yes
call_000200.json,200,general,2025-10-06,11:59:47,39.2,Robert,negative,True,sales_inquiry,N/A,N/A,CUST50383,AGENT1105,English,good,no,yes
call_000201.json,201,support,2025-09-08,09:00:03,47.2,Mike,negative,True,service_quality,N/A,N/A,CUST10947,AGENT1685,English,excellent,yes,yes
call_000202.json,202,technical,2025-09-29,08:40:23,45.4,Lisa,neutral,False,connectivity,N/A,N/A,CUST52667,AGENT8279,English,good,no,no
call_000203.json,203,retention,2025-11-06,10:59:59,40.8,Mike,neutral,False,technical_support,N/A,N/A,CUST60264,AGENT5593,English,good,no,no
call_000204.json,204,retention,2025-11-09,12:03:37,44.0,Mike,negative,True,complaint,N/A,N/A,CUST34885,AGENT7359,English,poor,no,no
call_000205.json,205,general,2025-10-14,11:44:47,41.7,Jennifer,negative,False,connectivity,N/A,N/A,CUST33464,AGENT8987,English,poor,no,yes
call_000206.json,206,support,2025-09-16,10:59:03,45.6,Emily,neutral,True,billing,N/A,N/A,CUST56607,AGENT8763,English,good,yes,yes
call_000207.json,207,account,2025-09-09,14:19:36,43.4,Robert,negative,False,device,N/A,N/A,CUST23033,AGENT6328,English,excellent,yes,no
call_000208.json,208,general,2025-11-04,16:57:50,44.9,Sarah,neutral,True,service_quality,N/A,N/A,CUST96397,AGENT9750,English,poor,yes,no
call_000209.json,209,retention,2025-10-06,11:45:23,40.4,Robert,negative,True,inquiry,N/A,N/A,CUST96155,AGENT9379,English,good,no,yes
call_000210.json,210,billing,2025-09-21,10:22:51,45.1,Emily,neutral,False,complaint,N/A,N/A,CUST82308,AGENT7597,English,poor,yes,no
call_000211.json,211,support,2025-11-02,09:47:18,45.5,Jennifer,negative,False,complaint,N/A,N/A,CUST74598,AGENT1175,English,poor,yes,no
call_000212.json,212,technical,2025-10-25,12:19:30,45.8,Mike,neutral,True,service_quality,N/A,N/A,CUST44701,AGENT4490,English,excellent,no,yes
call_000213.json,213,billing,2025-10-06,09:28:42,36.1,Sarah,neutral,True,retention,N/A,N/A,CUST31211,AGENT3291,English,fair,no,yes
call_000214.json,214,billing,2025-11-08,14:30:18,46.9,David,positive,False,service_quality,N/A,N/A,CUST73691,AGENT2353,English,poor,yes,yes
call_000215.json,215,retention,2025-08-19,08:19:07,46.7,Jennifer,positive,False,service_quality,N/A,N/A,CUST57654,AGENT5596,English,fair,no,yes
call_000216.json,216,billing,2025-08-18,11:12:45,44.7,Sarah,positive,False,retention,N/A,N/A,CUST22928,AGENT2226,English,fair,no,no
call_000217.json,217,general,2025-10-31,10:28:48,34.9,David,negative,True,complaint,N/A,N/A,CUST60351,AGENT7393,English,poor,no,yes
call_000218.json,218,sales,2025-08-11,16:16:46,42.2,Sarah,positive,N/A,device,True,TV Package,CUST63522,AGENT5831,English,fair,yes,yes
call_000219.json,219,general,2025-09-08,10:41:18,45.2,Robert,positive,True,connectivity,N/A,N/A,CUST50653,AGENT3669,English,good,no,yes
call_000220.json,220,support,2025-11-02,16:44:17,45.2,Jennifer,positive,True,complaint,N/A,N/A,CUST26131,AGENT1347,English,excellent,yes,no
call_000221.json,221,support,2025-08-14,12:39:52,38.0,Emily,positive,True,service_quality,N/A,N/A,CUST55663,AGENT2702,English,fair,no,no
call_000222.json,222,billing,2025-09-02,16:52:14,43.5,Mike,positive,True,sales_inquiry,N/A,N/A,CUST20959,AGENT7911,English,good,yes,yes
call_000223.json,223,billing,2025-09-24,10:05:15,37.3,Sarah,positive,True,billing,N/A,N/A,CUST11635,AGENT7823,English,good,yes,no
call_000224.json,224,retention,2025-08-30,17:53:04,44.4,Jennifer,negative,False,retention,N/A,N/A,CUST72575,AGENT6131,English,poor,no,yes
call_000225.json,225,support,2025-09-20,16:12:20,37.6,Robert,negative,True,sales_inquiry,N/A,N/A,CUST56640,AGENT3122,English,excellent,no,no
call_000226.json,226,retention,2025-08-23,17:04:09,46.7,Mike,negative,True,inquiry,N/A,N/A,CUST92285,AGENT9151,English,excellent,yes,yes
call_000227.json,227,general,2025-08-22,10:28:23,40.6,Lisa,negative,False,complaint,N/A,N/A,CUST91871,AGENT6138,English,fair,yes,no
call_000228.json,228,account,2025-09-27,17:31:13,38.3,James,neutral,False,retention,N/A,N/A,CUST24984,AGENT5560,English,poor,yes,yes
call_000229.json,229,technical,2025-10-02,10:12:22,40.6,Jennifer,negative,True,sales_inquiry,N/A,N/A,CUST73127,AGENT8790,English,good,no,no
call_000230.json,230,retention,2025-10-13,13:13:12,45.0,Emily,positive,False,inquiry,N/A,N/A,CUST11883,AGENT7066,English,fair,yes,no
call_000231.json,231,billing,2025-08-22,16:06:40,40.1,Mike,negative,False,retention,N/A,N/A,CUST75976,AGENT1534,English,fair,no,yes
call_000232.json,232,sales,2025-09-20,08:51:59,48.3,James,negative,N/A,inquiry,False,Add-on Service,CUST66243,AGENT3111,English,poor,yes,no
call_000233.json,233,billing,2025-10-09,14:49:16,46.6,Jennifer,neutral,True,connectivity,N/A,N/A,CUST46040,AGENT2359,English,good,yes,yes
call_000234.json,234,support,2025-08-23,17:34:00,36.4,James,negative,False,device,N/A,N/A,CUST78386,AGENT5169,English,excellent,yes,yes
call_000235.json,235,account,2025-10-27,17:50:49,37.6,Sarah,negative,False,inquiry,N/A,N/A,CUST50840,AGENT3714,English,good,no,no
call_000236.json,236,technical,2025-09-30,08:45:21,39.3,Emily,negative,False,account,N/A,N/A,CUST70997,AGENT6268,English,good,yes,no
call_000237.json,237,billing,2025-09-11,12:08:53,39.3,David,negative,False,sales_inquiry,N/A,N/A,CUST14850,AGENT9740,English,excellent,no,yes
call_000238.json,238,support,2025-11-03,12:56:50,39.9,James,positive,False,connectivity,N/A,N/A,CUST24523,AGENT1786,English,fair,yes,no
call_000239.json,239,billing,2025-10-31,15:03:13,40.1,Emily,neutral,False,connectivity,N/A,N/A,CUST97883,AGENT4541,English,poor,no,yes
call_000240.json,240,technical,2025-09-10,16:28:22,46.3,Mike,neutral,True,service_quality,N/A,N/A,CUST25509,AGENT2377,English,fair,no,yes
call_000241.json,241,sales,2025-10-28,11:46:52,38.9,Emily,negative,N/A,service_quality,True,Broadband,CUST74903,AGENT4370,English,good,yes,no
call_000242.json,242,retention,2025-11-07,17:43:18,42.1,Lisa,negative,False,account,N/A,N/A,CUST78848,AGENT9243,English,good,yes,yes
call_000243.json,243,support,2025-08-21,16:57:58,45.9,Lisa,negative,True,retention,N/A,N/A,CUST79062,AGENT3866,English,fair,no,no
call_000244.json,244,technical,2025-11-09,08:16:08,40.0,Emily,neutral,True,technical_support,N/A,N/A,CUST47128,AGENT9224,English,good,yes,no
call_000245.json,245,sales,2025-08-14,13:29:22,50.0,David,neutral,N/A,sales_inquiry,True,TV Package,CUST71151,AGENT7889,English,poor,no,yes
call_000246.json,246,account,2025-11-03,11:33:09,41.6,Sarah,neutral,False,complaint,N/A,N/A,CUST74920,AGENT3234,English,good,yes,no
call_000247.json,247,retention,2025-08-12,16:12:30,41.5,Lisa,negative,False,retention,N/A,N/A,CUST48015,AGENT5742,English,excellent,no,no
call_000248.json,248,retention,2025-08-29,13:29:45,44.9,Lisa,neutral,False,device,N/A,N/A,CUST46482,AGENT5963,English,poor,yes,no
call_000249.json,249,technical,2025-10-08,09:02:54,46.4,James,negative,True,billing,N/A,N/A,CUST67872,AGENT7132,English,excellent,yes,no
call_000250.json,250,support,2025-11-01,15:27:40,46.6,James,neutral,True,sales_inquiry,N/A,N/A,CUST19288,AGENT2280,English,good,no,yes
call_000251.json,251,support,2025-10-31,17:57:39,43.8,James,positive,False,connectivity,N/A,N/A,CUST55330,AGENT2159,English,poor,yes,no
call_000252.json,252,sales,2025-09-27,14:58:03,44.2,Lisa,negative,N/A,account,True,Bundles,CUST40413,AGENT2507,English,excellent,yes,no
call_000253.json,253,retention,2025-09-01,16:06:03,48.4,Sarah,positive,True,technical_support,N/A,N/A,CUST63848,AGENT8966,English,fair,yes,yes
call_000254.json,254,sales,2025-09-26,08:58:38,41.9,David,neutral,N/A,technical_support,False,Device,CUST44410,AGENT4547,English,excellent,no,no
call_000255.json,255,general,2025-10-01,17:42:20,45.2,Emily,negative,True,service_quality,N/A,N/A,CUST33433,AGENT8271,English,poor,yes,no
call_000256.json,256,support,2025-11-07,13:34:45,48.7,James,positive,True,connectivity,N/A,N/A,CUST88719,AGENT4845,English,fair,yes,yes
call_000257.json,257,account,2025-09-26,11:24:53,42.2,James,positive,False,inquiry,N/A,N/A,CUST14272,AGENT3458,English,poor,yes,yes
call_000258.json,258,sales,2025-10-09,14:43:37,49.9,Emily,negative,N/A,device,False,Add-on Service,CUST89370,AGENT5264,English,fair,no,no
call_000259.json,259,support,2025-08-23,09:46:02,44.7,Mike,neutral,False,billing,N/A,N/A,CUST56525,AGENT8354,English,poor,no,no
call_000260.json,260,billing,2025-10-05,17:56:39,48.9,James,negative,False,technical_support,N/A,N/A,CUST23037,AGENT6690,English,fair,yes,yes
call_000261.json,261,billing,2025-09-15,15:16:05,47.0,Lisa,neutral,True,device,N/A,N/A,CUST46497,AGENT2908,English,fair,yes,yes
call_000262.json,262,retention,2025-10-29,16:54:46,43.9,Mike,neutral,True,account,N/A,N/A,CUST10419,AGENT8115,English,excellent,no,yes
call_000263.json,263,retention,2025-09-26,14:45:08,45.5,Jennifer,positive,True,retention,N/A,N/A,CUST74117,AGENT7750,English,good,yes,no
call_000264.json,264,billing,2025-08-31,09:41:03,47.6,David,neutral,True,complaint,N/A,N/A,CUST37585,AGENT6932,English,good,yes,no
call_000265.json,265,general,2025-09-17,08:00:47,38.9,David,neutral,True,complaint,N/A,N/A,CUST89281,AGENT3487,English,excellent,no,yes
call_000266.json,266,general,2025-08-19,12:21:09,45.5,Lisa,neutral,True,billing,N/A,N/A,CUST22502,AGENT3773,English,good,no,yes
call_000267.json,267,support,2025-10-25,10:12:28,43.6,Jennifer,neutral,False,billing,N/A,N/A,CUST15119,AGENT7949,English,poor,yes,no
call_000268.json,268,sales,2025-10-28,16:29:21,43.8,Emily,neutral,N/A,billing,False,Bundles,CUST18009,AGENT8679,English,good,yes,no
call_000269.json,269,retention,2025-09-10,11:10:00,45.9,David,neutral,False,account,N/A,N/A,CUST38369,AGENT2496,English,good,yes,yes
call_000270.json,270,technical,2025-09-15,13:11:01,44.5,Sarah,neutral,False,technical_support,N/A,N/A,CUST71089,AGENT6668,English,poor,yes,yes
call_000271.json,271,technical,2025-11-05,13:01:39,43.7,Robert,positive,True,device,N/A,N/A,CUST33187,AGENT3156,English,excellent,no,yes
call_000272.json,272,support,2025-08-20,08:19:17,37.3,James,negative,False,complaint,N/A,N/A,CUST55964,AGENT2928,English,fair,no,yes
call_000273.json,273,account,2025-09-08,13:37:23,43.9,James,positive,True,technical_support,N/A,N/A,CUST94125,AGENT9569,English,poor,yes,yes
call_000274.json,274,general,2025-08-21,13:55:57,45.3,Emily,positive,True,connectivity,N/A,N/A,CUST30807,AGENT7904,English,poor,no,no
call_000275.json,275,retention,2025-08-25,16:12:36,48.6,Mike,positive,False,device,N/A,N/A,CUST27025,AGENT6458,English,excellent,yes,no
call_000276.json,276,general,2025-10-28,14:08:20,37.5,Jennifer,neutral,True,device,N/A,N/A,CUST62413,AGENT6359,English,fair,no,no
call_000277.json,277,account,2025-09-17,10:10:25,40.2,Mike,neutral,True,complaint,N/A,N/A,CUST23950,AGENT8617,English,excellent,no,yes
call_000278.json,278,retention,2025-09-11,12:02:07,45.4,Emily,positive,False,retention,N/A,N/A,CUST70325,AGENT7014,English,excellent,no,no
call_000279.json,279,technical,2025-08-20,09:24:32,42.8,Robert,negative,True,billing,N/A,N/A,CUST54272,AGENT5947,English,poor,no,yes
call_000280.json,280,sales,2025-10-12,08:45:20,44.1,Lisa,negative,N/A,account,False,Device,CUST18352,AGENT5715,English,poor,no,no
call_000281.json,281,account,2025-11-07,12:35:47,43.8,Emily,neutral,True,retention,N/A,N/A,CUST40765,AGENT7148,English,good,no,yes
call_000282.json,282,support,2025-08-18,10:43:58,44.7,Emily,positive,False,billing,N/A,N/A,CUST60246,AGENT7850,English,poor,no,yes
call_000283.json,283,retention,2025-09-14,11:50:11,46.0,Sarah,negative,True,retention,N/A,N/A,CUST75564,AGENT2821,English,fair,yes,yes
call_000284.json,284,technical,2025-10-26,10:23:26,43.3,Mike,positive,False,technical_support,N/A,N/A,CUST28605,AGENT4982,English,poor,yes,no
call_000285.json,285,support,2025-10-11,08:54:13,45.7,Robert,negative,False,inquiry,N/A,N/A,CUST49709,AGENT3430,English,excellent,no,no
call_000286.json,286,retention,2025-09-03,11:47:12,38.2,Emily,neutral,True,technical_support,N/A,N/A,CUST97063,AGENT1538,English,poor,yes,no
call_000287.json,287,account,2025-09-09,15:06:34,45.9,Mike,neutral,True,connectivity,N/A,N/A,CUST51793,AGENT2196,English,good,no,yes
call_000288.json,288,technical,2025-10-17,15:00:20,41.1,Mike,neutral,False,complaint,N/A,N/A,CUST71670,AGENT9122,English,good,yes,yes
call_000289.json,289,general,2025-08-18,17:50:26,40.0,Emily,negative,True,service_quality,N/A,N/A,CUST39979,AGENT5306,English,poor,no,no
call_000290.json,290,sales,2025-09-09,17:30:02,44.0,Lisa,neutral,N/A,sales_inquiry,False,TV Package,CUST73837,AGENT5093,English,fair,no,yes
call_000291.json,291,support,2025-09-12,13:21:12,46.5,Sarah,negative,False,service_quality,N/A,N/A,CUST43470,AGENT1379,English,good,yes,no
call_000292.json,292,technical,2025-10-31,10:41:36,47.6,Emily,neutral,True,technical_support,N/A,N/A,CUST69512,AGENT9646,English,poor,yes,no
call_000293.json,293,account,2025-10-15,12:10:27,46.0,Lisa,positive,True,service_quality,N/A,N/A,CUST40537,AGENT4559,English,fair,yes,yes
call_000294.json,294,technical,2025-09-22,14:25:54,45.1,Mike,neutral,True,billing,N/A,N/A,CUST56488,AGENT6904,English,fair,yes,no
call_000295.json,295,general,2025-08-16,10:23:56,35.4,Lisa,positive,True,billing,N/A,N/A,CUST31282,AGENT1491,English,poor,yes,no
call_000296.json,296,technical,2025-08-17,16:23:39,42.1,Robert,neutral,False,billing,N/A,N/A,CUST72624,AGENT9074,English,good,yes,yes
call_000297.json,297,account,2025-08-28,15:30:54,46.5,Jennifer,positive,False,technical_support,N/A,N/A,CUST34608,AGENT7646,English,poor,yes,no
call_000298.json,298,account,2025-09-06,10:25:52,44.9,Lisa,negative,False,complaint,N/A,N/A,CUST35543,AGENT3321,English,good,yes,yes
call_000299.json,299,retention,2025-10-14,17:38:04,48.9,Robert,negative,False,connectivity,N/A,N/A,CUST63788,AGENT3298,English,good,no,yes
call_000300.json,300,general,2025-09-27,12:02:24,42.2,David,neutral,False,service_quality,N/A,N/A,CUST24789,AGENT8643,English,poor,yes,no
call_000301.json,301,general,2025-08-29,14:38:33,46.5,Lisa,positive,False,sales_inquiry,N/A,N/A,CUST15518,AGENT2766,English,excellent,yes,yes
call_000302.json,302,general,2025-11-03,13:29:44,44.9,David,neutral,True,service_quality,N/A,N/A,CUST31049,AGENT4430,English,fair,no,no
call_000303.json,303,general,2025-08-30,16:11:25,39.9,Jennifer,neutral,False,inquiry,N/A,N/A,CUST19952,AGENT4254,English,excellent,yes,no
call_000304.json,304,general,2025-08-31,17:12:26,43.8,Lisa,positive,True,device,N/A,N/A,CUST77970,AGENT7547,English,poor,no,no
call_000305.json,305,general,2025-10-19,08:35:28,46.6,Lisa,neutral,False,complaint,N/A,N/A,CUST95233,AGENT1942,English,fair,no,yes
call_000306.json,306,support,2025-10-09,17:49:48,45.6,Robert,positive,False,device,N/A,N/A,CUST33755,AGENT1483,English,poor,yes,no
call_000307.json,307,support,2025-10-01,08:51:57,43.8,Mike,neutral,True,inquiry,N/A,N/A,CUST83841,AGENT7141,English,excellent,yes,yes
call_000308.json,308,retention,2025-08-17,16:53:24,40.9,James,positive,False,retention,N/A,N/A,CUST25254,AGENT2072,English,fair,yes,no
call_000309.json,309,sales,2025-08-12,08:33:53,49.5,David,neutral,N/A,connectivity,True,Bundles,CUST34651,AGENT2461,English,fair,yes,no
call_000310.json,310,retention,2025-10-10,13:11:24,41.0,Sarah,negative,False,account,N/A,N/A,CUST58730,AGENT7585,English,excellent,yes,yes
call_000311.json,311,account,2025-09-02,13:10:47,40.5,David,negative,True,service_quality,N/A,N/A,CUST99247,AGENT7524,English,fair,no,no
call_000312.json,312,general,2025-10-08,10:22:29,43.1,Lisa,positive,True,account,N/A,N/A,CUST94428,AGENT1924,English,poor,no,yes
call_000313.json,313,billing,2025-08-29,09:54:14,38.8,Mike,positive,True,connectivity,N/A,N/A,CUST83877,AGENT9938,English,excellent,yes,no
call_000314.json,314,account,2025-09-19,10:53:40,40.4,Emily,neutral,False,technical_support,N/A,N/A,CUST37276,AGENT7648,English,poor,no,no
call_000315.json,315,retention,2025-09-14,08:44:13,42.4,James,neutral,True,sales_inquiry,N/A,N/A,CUST84369,AGENT3823,English,fair,yes,no
call_000316.json,316,account,2025-10-21,10:26:07,44.9,David,positive,True,complaint,N/A,N/A,CUST91040,AGENT7712,English,good,no,no
call_000317.json,317,retention,2025-08-16,11:40:20,38.0,David,positive,False,service_quality,N/A,N/A,CUST20888,AGENT6811,English,poor,yes,no
call_000318.json,318,sales,2025-09-05,14:26:45,51.3,Robert,neutral,N/A,technical_support,False,Device,CUST27346,AGENT6672,English,fair,yes,no
call_000319.json,319,billing,2025-11-02,10:12:58,37.6,Lisa,positive,True,billing,N/A,N/A,CUST34323,AGENT2502,English,excellent,yes,no
call_000320.json,320,general,2025-08-20,17:18:38,36.0,David,positive,True,sales_inquiry,N/A,N/A,CUST76408,AGENT5676,English,good,no,no
call_000321.json,321,general,2025-10-02,15:20:34,45.8,Robert,negative,True,account,N/A,N/A,CUST39899,AGENT3794,English,excellent,no,no
call_000322.json,322,technical,2025-09-07,14:10:19,37.6,James,neutral,False,complaint,N/A,N/A,CUST46394,AGENT4731,English,good,no,no
call_000323.json,323,technical,2025-09-17,11:13:20,45.5,Emily,positive,False,account,N/A,N/A,CUST50964,AGENT8801,English,fair,no,no
call_000324.json,324,retention,2025-10-12,08:20:22,44.5,David,positive,False,inquiry,N/A,N/A,CUST73249,AGENT3394,English,fair,no,no
call_000325.json,325,billing,2025-09-12,12:12:45,45.8,David,negative,True,inquiry,N/A,N/A,CUST69419,AGENT5665,English,good,yes,no
call_000326.json,326,support,2025-09-24,13:21:05,40.5,Mike,positive,True,sales_inquiry,N/A,N/A,CUST55032,AGENT2139,English,poor,no,yes
call_000327.json,327,account,2025-10-03,15:01:42,39.1,Emily,negative,False,sales_inquiry,N/A,N/A,CUST82093,AGENT2113,English,excellent,yes,yes
call_000328.json,328,sales,2025-08-29,12:53:44,44.4,David,negative,N/A,account,True,TV Package,CUST87759,AGENT5970,English,fair,no,yes
call_000329.json,329,retention,2025-10-02,15:24:46,44.3,David,negative,False,inquiry,N/A,N/A,CUST30904,AGENT2593,English,excellent,no,yes
call_000330.json,330,retention,2025-08-15,14:01:02,44.8,David,neutral,False,retention,N/A,N/A,CUST66687,AGENT8630,English,poor,yes,yes
call_000331.json,331,account,2025-09-23,13:46:35,38.7,Sarah,negative,False,complaint,N/A,N/A,CUST29096,AGENT6254,English,fair,no,yes
call_000332.json,332,account,2025-09-20,09:52:26,48.4,Emily,neutral,False,billing,N/A,N/A,CUST75717,AGENT9912,English,excellent,yes,yes
call_000333.json,333,billing,2025-10-28,11:01:01,45.9,Jennifer,negative,False,connectivity,N/A,N/A,CUST48769,AGENT2983,English,good,yes,yes
call_000334.json,334,support,2025-09-01,09:05:15,42.5,Lisa,neutral,False,billing,N/A,N/A,CUST69596,AGENT7223,English,fair,yes,no
call_000335.json,335,support,2025-09-08,11:00:24,46.5,Robert,neutral,True,device,N/A,N/A,CUST59377,AGENT1718,English,fair,yes,yes
call_000336.json,336,billing,2025-10-29,17:11:42,42.5,James,positive,True,account,N/A,N/A,CUST68471,AGENT9944,English,fair,no,no
call_000337.json,337,support,2025-11-01,15:32:04,36.7,Jennifer,negative,True,inquiry,N/A,N/A,CUST31591,AGENT5047,English,poor,no,yes
call_000338.json,338,general,2025-09-20,12:29:41,34.0,Lisa,neutral,True,technical_support,N/A,N/A,CUST49779,AGENT9770,English,fair,no,no
call_000339.json,339,account,2025-10-23,12:12:43,48.2,James,neutral,True,technical_support,N/A,N/A,CUST81142,AGENT6261,English,good,no,yes
call_000340.json,340,support,2025-09-10,14:24:20,44.9,Lisa,negative,False,billing,N/A,N/A,CUST28314,AGENT3967,English,excellent,no,yes
call_000341.json,341,support,2025-08-23,12:51:31,39.0,Mike,neutral,False,billing,N/A,N/A,CUST22541,AGENT5033,English,poor,yes,yes
call_000342.json,342,technical,2025-08-12,14:10:50,41.9,Jennifer,positive,False,sales_inquiry,N/A,N/A,CUST37149,AGENT4570,English,fair,no,no
call_000343.json,343,billing,2025-10-15,08:24:23,39.0,David,negative,False,connectivity,N/A,N/A,CUST39960,AGENT2474,English,good,yes,yes
call_000344.json,344,billing,2025-10-21,16:59:11,46.8,Mike,negative,True,account,N/A,N/A,CUST11146,AGENT6332,English,good,no,yes
call_000345.json,345,account,2025-08-28,14:48:16,44.2,Sarah,neutral,True,complaint,N/A,N/A,CUST63435,AGENT3734,English,poor,yes,yes
call_000346.json,346,sales,2025-10-28,12:23:03,47.1,Mike,negative,N/A,technical_support,False,Broadband,CUST70960,AGENT7333,English,poor,yes,no
call_000347.json,347,billing,2025-11-05,16:46:47,38.5,James,positive,False,inquiry,N/A,N/A,CUST76315,AGENT2102,English,good,no,no
call_000348.json,348,retention,2025-09-27,17:46:23,40.4,James,negative,False,retention,N/A,N/A,CUST43827,AGENT9977,English,fair,no,yes
call_000349.json,349,retention,2025-08-17,09:49:20,44.2,Lisa,negative,True,connectivity,N/A,N/A,CUST67098,AGENT7650,English,poor,yes,no
call_000350.json,350,technical,2025-08-12,13:42:36,44.8,Sarah,neutral,True,billing,N/A,N/A,CUST15299,AGENT3706,English,fair,no,yes
call_000351.json,351,support,2025-10-10,12:42:20,46.3,Mike,positive,True,account,N/A,N/A,CUST41546,AGENT8557,English,good,yes,yes
call_000352.json,352,support,2025-09-29,14:42:20,43.6,Sarah,negative,True,inquiry,N/A,N/A,CUST34112,AGENT1121,English,good,no,no
call_000353.json,353,support,2025-09-12,08:18:21,49.6,James,neutral,True,connectivity,N/A,N/A,CUST63390,AGENT2028,English,poor,no,no
call_000354.json,354,account,2025-10-13,16:42:35,45.2,David,neutral,False,service_quality,N/A,N/A,CUST25187,AGENT4847,English,poor,no,yes
call_000355.json,355,account,2025-10-26,15:21:07,44.9,David,positive,False,complaint,N/A,N/A,CUST80070,AGENT8623,English,excellent,no,no
call_000356.json,356,general,2025-08-12,09:47:14,44.3,Mike,neutral,True,retention,N/A,N/A,CUST83067,AGENT8501,English,poor,no,no
call_000357.json,357,sales,2025-10-21,12:21:54,44.4,Sarah,positive,N/A,sales_inquiry,True,Add-on Service,CUST19751,AGENT9699,English,fair,yes,no
call_000358.json,358,billing,2025-09-17,09:42:21,43.2,Lisa,neutral,False,service_quality,N/A,N/A,CUST16822,AGENT3242,English,excellent,yes,yes
call_000359.json,359,support,2025-10-23,14:37:26,46.3,James,positive,True,inquiry,N/A,N/A,CUST47704,AGENT5413,English,good,yes,no
call_000360.json,360,billing,2025-09-29,14:24:42,42.9,James,positive,True,complaint,N/A,N/A,CUST99170,AGENT5506,English,poor,yes,yes
call_000361.json,361,sales,2025-09-21,12:10:30,47.6,Emily,neutral,N/A,account,True,TV Package,CUST67426,AGENT3187,English,excellent,yes,no
call_000362.json,362,technical,2025-10-06,17:12:40,43.1,David,negative,True,sales_inquiry,N/A,N/A,CUST97796,AGENT6847,English,excellent,no,no
call_000363.json,363,account,2025-10-05,17:56:28,46.4,David,positive,False,account,N/A,N/A,CUST22252,AGENT6583,English,good,yes,yes
call_000364.json,364,general,2025-10-05,11:11:52,42.6,Lisa,negative,True,device,N/A,N/A,CUST40699,AGENT1740,English,good,yes,yes
call_000365.json,365,sales,2025-09-04,16:56:43,40.1,Jennifer,neutral,N/A,complaint,True,Add-on Service,CUST87553,AGENT6407,English,poor,yes,yes
call_000366.json,366,technical,2025-08-24,16:56:04,42.1,Emily,positive,True,account,N/A,N/A,CUST80648,AGENT2369,English,fair,yes,no
call_000367.json,367,billing,2025-08-13,11:30:51,46.5,Robert,negative,False,billing,N/A,N/A,CUST67537,AGENT9831,English,fair,yes,yes
call_000368.json,368,retention,2025-10-05,16:09:25,48.1,Jennifer,neutral,True,sales_inquiry,N/A,N/A,CUST83793,AGENT3014,English,good,no,yes
call_000369.json,369,general,2025-10-25,16:58:33,47.6,Lisa,negative,False,connectivity,N/A,N/A,CUST44289,AGENT5237,English,good,no,no
call_000370.json,370,sales,2025-09-23,12:55:55,47.8,David,neutral,N/A,connectivity,True,TV Package,CUST34456,AGENT7607,English,good,no,no
call_000371.json,371,account,2025-11-02,12:15:13,49.1,Jennifer,neutral,True,account,N/A,N/A,CUST37385,AGENT6817,English,good,no,no
call_000372.json,372,retention,2025-09-06,14:49:35,46.8,Mike,neutral,False,complaint,N/A,N/A,CUST11098,AGENT1174,English,good,yes,yes
call_000373.json,373,general,2025-08-20,17:18:06,37.4,Sarah,negative,True,complaint,N/A,N/A,CUST48304,AGENT4700,English,good,no,no
call_000374.json,374,billing,2025-10-28,09:47:08,41.1,Sarah,negative,False,sales_inquiry,N/A,N/A,CUST12355,AGENT1690,English,good,yes,yes
call_000375.json,375,billing,2025-08-31,08:50:33,46.7,Emily,neutral,True,retention,N/A,N/A,CUST35437,AGENT6613,English,fair,yes,no
call_000376.json,376,general,2025-08-25,15:05:56,42.8,Jennifer,neutral,True,complaint,N/A,N/A,CUST48738,AGENT3378,English,fair,no,yes
call_000377.json,377,sales,2025-10-13,12:35:46,40.9,Robert,negative,N/A,account,True,Bundles,CUST78156,AGENT4610,English,fair,no,yes
call_000378.json,378,account,2025-09-16,09:43:53,42.7,Jennifer,negative,False,device,N/A,N/A,CUST34941,AGENT9659,English,fair,no,yes
call_000379.json,379,billing,2025-08-19,12:05:18,43.3,David,neutral,True,inquiry,N/A,N/A,CUST19589,AGENT6265,English,excellent,no,no
call_000380.json,380,general,2025-11-03,10:36:44,46.1,Jennifer,negative,True,inquiry,N/A,N/A,CUST18754,AGENT5317,English,excellent,no,no
call_000381.json,381,support,2025-08-16,16:18:19,44.2,David,positive,True,service_quality,N/A,N/A,CUST87667,AGENT1805,English,good,no,yes
call_000382.json,382,sales,2025-08-14,17:28:14,47.3,Emily,neutral,N/A,sales_inquiry,True,Mobile Plan,CUST40360,AGENT9836,English,good,yes,yes
call_000383.json,383,account,2025-08-17,13:00:49,40.8,Robert,neutral,True,technical_support,N/A,N/A,CUST80657,AGENT8328,English,excellent,no,no
call_000384.json,384,account,2025-10-08,16:18:41,47.6,Jennifer,negative,False,device,N/A,N/A,CUST49077,AGENT6533,English,excellent,yes,no
call_000385.json,385,billing,2025-10-24,13:33:36,45.3,James,negative,False,account,N/A,N/A,CUST74737,AGENT1625,English,fair,yes,no
call_000386.json,386,retention,2025-08-20,10:43:34,47.8,Jennifer,negative,True,inquiry,N/A,N/A,CUST45291,AGENT7412,English,good,yes,yes
call_000387.json,387,billing,2025-08-23,13:48:31,49.3,Emily,positive,False,service_quality,N/A,N/A,CUST44302,AGENT4673,English,excellent,yes,no
call_000388.json,388,retention,2025-09-03,09:15:51,40.2,Mike,negative,True,sales_inquiry,N/A,N/A,CUST68632,AGENT6198,English,excellent,yes,no
call_000389.json,389,general,2025-09-13,16:28:17,42.6,Jennifer,negative,True,service_quality,N/A,N/A,CUST31966,AGENT3264,English,poor,no,no
call_000390.json,390,retention,2025-09-29,13:30:02,40.4,Lisa,negative,True,complaint,N/A,N/A,CUST36750,AGENT7974,English,good,yes,no
call_000391.json,391,billing,2025-10-27,10:12:53,44.0,Lisa,negative,True,billing,N/A,N/A,CUST26553,AGENT4279,English,good,yes,no
call_000392.json,392,account,2025-08-16,15:24:57,42.8,Mike,positive,True,complaint,N/A,N/A,CUST41600,AGENT2675,English,poor,yes,yes
call_000393.json,393,retention,2025-09-01,11:20:35,44.3,James,positive,False,service_quality,N/A,N/A,CUST44967,AGENT7846,English,excellent,no,no
call_000394.json,394,retention,2025-08-11,13:08:37,40.4,James,positive,False,complaint,N/A,N/A,CUST78019,AGENT4981,English,good,yes,yes
call_000395.json,395,general,2025-10-05,12:15:59,38.0,Mike,positive,False,sales_inquiry,N/A,N/A,CUST94594,AGENT2343,English,fair,yes,no
call_000396.json,396,support,2025-08-20,10:46:09,45.3,Robert,positive,True,billing,N/A,N/A,CUST37164,AGENT3578,English,excellent,no,no
call_000397.json,397,technical,2025-10-27,10:48:50,43.9,Jennifer,positive,True,service_quality,N/A,N/A,CUST33086,AGENT2645,English,excellent,no,yes
call_000398.json,398,general,2025-10-25,10:17:12,41.8,Emily,negative,False,sales_inquiry,N/A,N/A,CUST57056,AGENT6351,English,fair,no,no
call_000399.json,399,general,2025-08-14,08:14:44,40.3,Jennifer,positive,False,service_quality,N/A,N/A,CUST14244,AGENT5091,English,excellent,yes,yes
call_000400.json,400,account,2025-10-14,08:51:58,39.8,Robert,neutral,False,sales_inquiry,N/A,N/A,CUST82593,AGENT4765,English,excellent,no,no
call_000401.json,401,billing,2025-08-11,11:01:01,40.8,Mike,neutral,False,inquiry,N/A,N/A,CUST67028,AGENT3977,English,fair,no,no
call_000402.json,402,technical,2025-11-06,09:50:07,43.2,Emily,negative,True,connectivity,N/A,N/A,CUST68580,AGENT8956,English,poor,yes,no
call_000403.json,403,support,2025-10-03,09:26:58,42.4,Sarah,negative,False,sales_inquiry,N/A,N/A,CUST23051,AGENT3432,English,good,no,no
call_000404.json,404,support,2025-09-01,09:15:23,46.1,James,neutral,True,inquiry,N/A,N/A,CUST84915,AGENT9404,English,poor,yes,yes
call_000405.json,405,support,2025-08-16,09:53:53,41.5,James,positive,True,device,N/A,N/A,CUST34761,AGENT7230,English,excellent,no,no
call_000406.json,406,support,2025-09-28,14:22:06,42.0,Mike,positive,False,retention,N/A,N/A,CUST86157,AGENT7523,English,good,no,yes
call_000407.json,407,account,2025-11-04,14:08:16,46.0,Emily,negative,True,sales_inquiry,N/A,N/A,CUST72852,AGENT3479,English,poor,yes,no
call_000408.json,408,support,2025-10-28,14:20:41,46.3,Mike,positive,True,connectivity,N/A,N/A,CUST35329,AGENT5737,English,fair,yes,no
call_000409.json,409,technical,2025-10-07,16:27:39,39.4,Mike,neutral,True,complaint,N/A,N/A,CUST90924,AGENT5079,English,poor,no,no
call_000410.json,410,account,2025-10-14,14:20:15,38.7,Emily,negative,False,sales_inquiry,N/A,N/A,CUST94884,AGENT3060,English,excellent,no,no
call_000411.json,411,billing,2025-09-27,16:57:01,39.4,Sarah,neutral,False,inquiry,N/A,N/A,CUST69063,AGENT6054,English,fair,yes,yes
call_000412.json,412,general,2025-09-09,15:19:25,42.2,Sarah,neutral,False,device,N/A,N/A,CUST51419,AGENT2103,English,poor,yes,yes
call_000413.json,413,support,2025-08-20,14:04:09,46.1,Jennifer,neutral,True,billing,N/A,N/A,CUST31577,AGENT1876,English,good,no,yes
call_000414.json,414,retention,2025-10-04,15:21:47,47.3,James,neutral,True,device,N/A,N/A,CUST35796,AGENT2256,English,excellent,yes,yes
call_000415.json,415,sales,2025-10-11,13:46:34,46.3,James,neutral,N/A,complaint,True,Bundles,CUST28982,AGENT5370,English,good,no,yes
call_000416.json,416,billing,2025-08-18,13:15:41,44.6,Sarah,positive,False,inquiry,N/A,N/A,CUST26165,AGENT3409,English,poor,no,no
call_000417.json,417,general,2025-09-20,10:56:36,41.0,Emily,negative,False,account,N/A,N/A,CUST32597,AGENT9471,English,excellent,yes,yes
call_000418.json,418,sales,2025-08-31,10:12:20,44.1,Mike,positive,N/A,service_quality,True,TV Package,CUST63564,AGENT6183,English,excellent,yes,yes
call_000419.json,419,sales,2025-11-09,15:34:20,42.0,Sarah,neutral,N/A,billing,False,Mobile Plan,CUST62274,AGENT5405,English,poor,yes,yes
call_000420.json,420,billing,2025-08-12,13:29:54,43.1,David,neutral,True,complaint,N/A,N/A,CUST85669,AGENT4060,English,poor,yes,no
call_000421.json,421,support,2025-09-13,08:51:45,43.4,Sarah,negative,True,service_quality,N/A,N/A,CUST58030,AGENT5364,English,good,yes,no
call_000422.json,422,retention,2025-10-29,15:33:41,45.8,Lisa,neutral,False,complaint,N/A,N/A,CUST33955,AGENT3636,English,fair,no,yes
call_000423.json,423,support,2025-08-14,08:00:30,39.2,Jennifer,neutral,True,service_quality,N/A,N/A,CUST95674,AGENT2419,English,fair,no,no
call_000424.json,424,sales,2025-09-03,11:21:55,45.1,Jennifer,negative,N/A,device,True,Add-on Service,CUST65138,AGENT9682,English,excellent,no,no
call_000425.json,425,account,2025-10-20,11:36:11,46.2,Emily,positive,False,connectivity,N/A,N/A,CUST87865,AGENT1557,English,fair,no,yes
call_000426.json,426,support,2025-10-17,15:57:20,43.6,James,negative,False,inquiry,N/A,N/A,CUST56837,AGENT1975,English,excellent,yes,no
call_000427.json,427,general,2025-08-22,11:19:49,45.2,Sarah,positive,True,connectivity,N/A,N/A,CUST36642,AGENT2941,English,excellent,no,no
call_000428.json,428,sales,2025-09-01,14:45:28,46.0,Sarah,positive,N/A,retention,True,Mobile Plan,CUST44441,AGENT1722,English,good,no,no
call_000429.json,429,retention,2025-08-27,08:40:11,41.4,Jennifer,negative,False,inquiry,N/A,N/A,CUST29588,AGENT4585,English,good,no,no
call_000430.json,430,general,2025-09-01,15:20:54,41.5,Mike,positive,True,inquiry,N/A,N/A,CUST34388,AGENT2437,English,good,no,no
call_000431.json,431,sales,2025-08-24,10:04:22,41.7,Emily,positive,N/A,complaint,False,Mobile Plan,CUST26317,AGENT9556,English,poor,yes,no
call_000432.json,432,account,2025-10-05,13:56:19,43.6,Mike,neutral,True,connectivity,N/A,N/A,CUST96161,AGENT2572,English,good,yes,no
call_000433.json,433,sales,2025-10-24,10:45:28,49.8,Sarah,positive,N/A,retention,False,TV Package,CUST57077,AGENT3083,English,excellent,yes,no
call_000434.json,434,retention,2025-10-20,17:47:33,44.0,David,positive,True,account,N/A,N/A,CUST25641,AGENT1477,English,fair,yes,no
call_000435.json,435,support,2025-10-15,12:38:49,45.2,Emily,neutral,False,account,N/A,N/A,CUST39454,AGENT7829,English,fair,yes,no
call_000436.json,436,retention,2025-10-01,09:42:38,45.8,Emily,positive,False,inquiry,N/A,N/A,CUST99482,AGENT7230,English,fair,yes,yes
call_000437.json,437,account,2025-09-07,13:50:29,48.5,Robert,positive,True,sales_inquiry,N/A,N/A,CUST86916,AGENT5395,English,fair,yes,no
call_000438.json,438,sales,2025-10-05,10:15:23,47.3,Emily,neutral,N/A,inquiry,False,Device,CUST25553,AGENT5353,English,good,no,yes
call_000439.json,439,general,2025-09-13,09:58:59,44.9,Lisa,positive,True,complaint,N/A,N/A,CUST46811,AGENT6215,English,good,yes,no
call_000440.json,440,general,2025-08-21,13:52:09,42.9,Lisa,negative,True,retention,N/A,N/A,CUST80386,AGENT2030,English,excellent,no,no
call_000441.json,441,retention,2025-09-04,14:11:58,39.2,Sarah,positive,True,connectivity,N/A,N/A,CUST88765,AGENT4055,English,poor,yes,no
call_000442.json,442,sales,2025-10-25,16:51:10,47.7,Robert,negative,N/A,account,False,Broadband,CUST59955,AGENT1632,English,excellent,yes,no
call_000443.json,443,support,2025-10-03,12:09:22,42.2,Jennifer,neutral,False,complaint,N/A,N/A,CUST97864,AGENT3527,English,good,yes,no
call_000444.json,444,technical,2025-09-21,10:25:42,44.0,Sarah,neutral,False,connectivity,N/A,N/A,CUST76678,AGENT5699,English,poor,yes,no
call_000445.json,445,retention,2025-10-19,14:10:42,43.2,Robert,neutral,False,connectivity,N/A,N/A,CUST19321,AGENT9128,English,excellent,yes,yes
call_000446.json,446,sales,2025-08-18,16:26:22,42.9,Lisa,positive,N/A,account,True,Device,CUST93545,AGENT4407,English,fair,yes,yes
call_000447.json,447,account,2025-10-01,12:34:42,35.9,Mike,negative,False,sales_inquiry,N/A,N/A,CUST75065,AGENT7568,English,fair,no,no
call_000448.json,448,billing,2025-11-08,10:23:22,45.6,Mike,neutral,False,billing,N/A,N/A,CUST31169,AGENT9667,English,good,no,no
call_000449.json,449,retention,2025-09-13,12:14:36,42.2,David,neutral,True,service_quality,N/A,N/A,CUST63728,AGENT5322,English,excellent,yes,yes
call_000450.json,450,sales,2025-09-15,12:24:59,49.9,Sarah,negative,N/A,billing,False,TV Package,CUST29448,AGENT4660,English,excellent,yes,yes
call_000451.json,451,retention,2025-10-12,16:35:23,39.3,Robert,positive,True,connectivity,N/A,N/A,CUST36830,AGENT5859,English,good,yes,no
call_000452.json,452,sales,2025-11-01,15:16:12,39.0,Jennifer,positive,N/A,connectivity,False,Add-on Service,CUST49596,AGENT4405,English,fair,yes,yes
call_000453.json,453,sales,2025-10-25,14:50:29,40.0,Robert,positive,N/A,technical_support,True,TV Package,CUST11403,AGENT8168,English,poor,yes,no
call_000454.json,454,account,2025-11-02,15:52:56,43.2,Robert,neutral,True,sales_inquiry,N/A,N/A,CUST43940,AGENT9953,English,poor,yes,no
call_000455.json,455,retention,2025-10-31,10:06:08,42.5,James,neutral,True,billing,N/A,N/A,CUST21265,AGENT1772,English,excellent,no,yes
call_000456.json,456,sales,2025-09-12,10:10:01,43.2,Robert,negative,N/A,technical_support,True,Device,CUST47914,AGENT3451,English,good,yes,no
call_000457.json,457,sales,2025-10-31,17:49:55,44.5,Emily,negative,N/A,technical_support,False,Device,CUST34833,AGENT8343,English,poor,no,yes
call_000458.json,458,technical,2025-10-21,17:20:20,42.5,Emily,negative,False,inquiry,N/A,N/A,CUST62720,AGENT4810,English,poor,yes,no
call_000459.json,459,retention,2025-09-23,12:32:42,44.1,Jennifer,negative,True,billing,N/A,N/A,CUST58822,AGENT9819,English,good,no,no
call_000460.json,460,account,2025-10-24,11:18:42,48.2,James,neutral,False,device,N/A,N/A,CUST24652,AGENT3308,English,poor,yes,yes
call_000461.json,461,support,2025-10-12,14:27:26,37.6,David,positive,True,connectivity,N/A,N/A,CUST32032,AGENT1034,English,excellent,yes,no
call_000462.json,462,sales,2025-10-14,11:52:30,47.3,Jennifer,negative,N/A,sales_inquiry,True,Mobile Plan,CUST20918,AGENT9284,English,fair,yes,no
call_000463.json,463,sales,2025-08-18,12:15:49,47.7,Emily,neutral,N/A,billing,False,Add-on Service,CUST91417,AGENT3087,English,poor,no,no
call_000464.json,464,support,2025-10-02,10:37:55,43.8,James,negative,False,inquiry,N/A,N/A,CUST12945,AGENT8291,English,fair,no,yes
call_000465.json,465,general,2025-08-27,16:51:34,45.1,Emily,neutral,False,billing,N/A,N/A,CUST59914,AGENT5799,English,excellent,no,no
call_000466.json,466,billing,2025-08-16,16:35:15,48.4,Sarah,negative,True,inquiry,N/A,N/A,CUST87988,AGENT8761,English,fair,yes,no
call_000467.json,467,technical,2025-10-20,14:56:41,45.1,David,positive,False,connectivity,N/A,N/A,CUST14093,AGENT2851,English,good,no,no
call_000468.json,468,retention,2025-09-28,11:13:59,45.5,Mike,positive,True,service_quality,N/A,N/A,CUST67616,AGENT1481,English,fair,no,no
call_000469.json,469,technical,2025-08-20,10:40:29,43.8,Emily,neutral,True,retention,N/A,N/A,CUST30585,AGENT7973,English,fair,yes,no
call_000470.json,470,account,2025-10-22,12:28:55,42.6,Robert,negative,True,complaint,N/A,N/A,CUST48770,AGENT2837,English,poor,yes,no
call_000471.json,471,account,2025-10-18,15:34:30,37.4,Lisa,negative,True,account,N/A,N/A,CUST11263,AGENT5673,English,poor,yes,no
call_000472.json,472,retention,2025-08-24,17:16:56,44.4,Mike,neutral,False,sales_inquiry,N/A,N/A,CUST92458,AGENT8045,English,fair,no,yes
call_000473.json,473,account,2025-08-28,13:48:33,44.9,Sarah,negative,True,device,N/A,N/A,CUST77936,AGENT2821,English,excellent,yes,yes
call_000474.json,474,support,2025-09-06,13:48:27,43.8,James,negative,False,complaint,N/A,N/A,CUST24952,AGENT2342,English,good,no,yes
call_000475.json,475,billing,2025-08-15,14:01:47,39.3,Robert,negative,False,billing,N/A,N/A,CUST25972,AGENT4950,English,excellent,yes,yes
call_000476.json,476,general,2025-10-30,11:44:22,44.3,Jennifer,negative,False,complaint,N/A,N/A,CUST88588,AGENT7569,English,good,yes,no
call_000477.json,477,sales,2025-08-18,14:26:00,45.6,Sarah,negative,N/A,technical_support,True,Mobile Plan,CUST42685,AGENT5833,English,good,yes,no
call_000478.json,478,general,2025-09-05,09:16:40,35.8,Lisa,neutral,True,service_quality,N/A,N/A,CUST98661,AGENT5433,English,poor,yes,yes
call_000479.json,479,account,2025-09-16,16:35:07,36.7,Robert,positive,True,billing,N/A,N/A,CUST60298,AGENT5439,English,excellent,yes,no
call_000480.json,480,sales,2025-11-01,10:55:55,44.3,Mike,negative,N/A,account,False,Broadband,CUST21140,AGENT1570,English,fair,no,no
call_000481.json,481,sales,2025-10-02,10:11:18,46.6,Sarah,neutral,N/A,connectivity,True,Broadband,CUST44736,AGENT4505,English,good,no,yes
call_000482.json,482,support,2025-08-29,08:01:51,44.3,Sarah,positive,False,retention,N/A,N/A,CUST38336,AGENT8560,English,excellent,yes,yes
call_000483.json,483,retention,2025-10-02,12:54:50,45.0,James,positive,False,device,N/A,N/A,CUST34073,AGENT6907,English,good,yes,no
call_000484.json,484,support,2025-09-26,09:24:02,47.8,Jennifer,neutral,False,device,N/A,N/A,CUST23863,AGENT2741,English,excellent,no,yes
call_000485.json,485,sales,2025-10-24,09:27:19,42.0,Emily,negative,N/A,connectivity,False,TV Package,CUST16599,AGENT7613,English,good,no,yes
call_000486.json,486,general,2025-09-04,14:15:50,42.3,David,neutral,True,service_quality,N/A,N/A,CUST62862,AGENT8429,English,good,yes,yes
call_000487.json,487,support,2025-08-26,16:17:43,44.8,Mike,positive,False,account,N/A,N/A,CUST42642,AGENT8119,English,excellent,yes,yes
call_000488.json,488,technical,2025-10-28,08:35:08,43.6,Mike,positive,False,service_quality,N/A,N/A,CUST94405,AGENT1262,English,good,yes,yes
call_000489.json,489,sales,2025-08-31,13:06:35,44.1,David,negative,N/A,billing,False,TV Package,CUST99996,AGENT7859,English,excellent,yes,no
call_000490.json,490,billing,2025-09-16,14:48:20,38.8,Sarah,neutral,True,account,N/A,N/A,CUST43888,AGENT6112,English,poor,yes,no
call_000491.json,491,retention,2025-11-09,16:25:54,50.1,Jennifer,positive,False,sales_inquiry,N/A,N/A,CUST60780,AGENT6752,English,poor,yes,yes
call_000492.json,492,billing,2025-10-26,10:05:21,44.3,Mike,negative,False,sales_inquiry,N/A,N/A,CUST43132,AGENT6837,English,good,no,no
call_000493.json,493,account,2025-09-19,12:55:49,44.6,Jennifer,positive,False,connectivity,N/A,N/A,CUST55523,AGENT2611,English,excellent,yes,yes
call_000494.json,494,support,2025-11-03,09:05:51,44.2,Jennifer,neutral,True,service_quality,N/A,N/A,CUST14251,AGENT1216,English,good,no,no
call_000495.json,495,general,2025-11-07,15:59:10,42.3,Mike,positive,False,complaint,N/A,N/A,CUST79269,AGENT8268,English,excellent,no,yes
call_000496.json,496,general,2025-08-15,16:23:50,45.7,James,negative,False,technical_support,N/A,N/A,CUST71016,AGENT9200,English,excellent,yes,yes
call_000497.json,497,retention,2025-11-02,09:53:26,43.8,Lisa,negative,False,service_quality,N/A,N/A,CUST29030,AGENT7363,English,excellent,yes,no
call_000498.json,498,support,2025-09-24,16:24:44,48.4,David,positive,True,service_quality,N/A,N/A,CUST62989,AGENT5015,English,good,no,yes
call_000499.json,499,billing,2025-09-27,13:16:09,37.3,Mike,positive,True,sales_inquiry,N/A,N/A,CUST93819,AGENT1747,English,poor,yes,yes
call_000500.json,500,retention,2025-09-03,08:49:11,41.6,Emily,positive,False,retention,N/A,N/A,CUST48863,AGENT2194,English,fair,no,no
call_000501.json,501,retention,2025-10-13,16:27:46,48.3,Jennifer,neutral,True,complaint,N/A,N/A,CUST72283,AGENT1853,English,poor,yes,no
call_000502.json,502,account,2025-09-26,12:10:27,42.5,Emily,negative,False,billing,N/A,N/A,CUST86899,AGENT1452,English,good,no,yes
call_000503.json,503,general,2025-08-31,11:02:23,37.3,Jennifer,neutral,False,device,N/A,N/A,CUST23574,AGENT7960,English,excellent,yes,yes
call_000504.json,504,sales,2025-10-12,09:55:51,47.3,Sarah,positive,N/A,retention,True,Bundles,CUST30959,AGENT5565,English,poor,no,yes
call_000505.json,505,account,2025-08-29,14:03:08,40.6,Sarah,negative,True,sales_inquiry,N/A,N/A,CUST65021,AGENT8414,English,poor,no,yes
call_000506.json,506,technical,2025-10-02,11:39:02,36.8,Jennifer,negative,True,service_quality,N/A,N/A,CUST43953,AGENT9883,English,excellent,yes,yes
call_000507.json,507,sales,2025-09-02,08:22:36,51.0,Robert,positive,N/A,complaint,False,Device,CUST94555,AGENT4776,English,excellent,yes,no
call_000508.json,508,general,2025-10-28,17:08:11,40.5,Lisa,positive,False,sales_inquiry,N/A,N/A,CUST68502,AGENT2245,English,good,yes,no
call_000509.json,509,billing,2025-09-25,08:20:06,35.5,David,negative,True,service_quality,N/A,N/A,CUST37509,AGENT3286,English,excellent,yes,no
call_000510.json,510,sales,2025-08-30,14:22:06,44.8,Sarah,negative,N/A,technical_support,True,Add-on Service,CUST90938,AGENT1936,English,good,no,no
call_000511.json,511,retention,2025-11-08,09:34:11,46.9,Lisa,neutral,True,technical_support,N/A,N/A,CUST96990,AGENT7647,English,good,no,no
call_000512.json,512,sales,2025-11-07,11:39:04,47.7,Emily,positive,N/A,connectivity,True,Add-on Service,CUST21062,AGENT4598,English,good,no,yes
call_000513.json,513,account,2025-10-15,12:27:05,42.5,Jennifer,positive,False,retention,N/A,N/A,CUST65785,AGENT3402,English,good,yes,yes
call_000514.json,514,general,2025-09-16,09:30:20,42.9,David,neutral,True,technical_support,N/A,N/A,CUST23118,AGENT9382,English,poor,yes,yes
call_000515.json,515,general,2025-09-22,10:26:35,40.7,James,negative,True,inquiry,N/A,N/A,CUST15434,AGENT5601,English,poor,yes,yes
call_000516.json,516,account,2025-09-04,12:17:13,47.3,Emily,negative,True,retention,N/A,N/A,CUST16714,AGENT7491,English,poor,yes,no
call_000517.json,517,general,2025-10-03,11:23:26,47.7,Robert,neutral,True,sales_inquiry,N/A,N/A,CUST14360,AGENT6528,English,excellent,yes,yes
call_000518.json,518,technical,2025-10-02,10:44:32,43.0,Lisa,neutral,False,inquiry,N/A,N/A,CUST76022,AGENT8890,English,poor,yes,no
call_000519.json,519,general,2025-09-05,17:05:43,35.1,Robert,positive,True,inquiry,N/A,N/A,CUST80321,AGENT3617,English,poor,yes,yes
call_000520.json,520,technical,2025-08-23,13:52:34,44.9,Robert,positive,True,retention,N/A,N/A,CUST34884,AGENT1032,English,fair,no,yes
call_000521.json,521,billing,2025-08-18,16:05:21,45.2,David,negative,True,connectivity,N/A,N/A,CUST36176,AGENT8352,English,excellent,yes,no
call_000522.json,522,support,2025-10-29,09:26:34,41.6,Jennifer,neutral,False,connectivity,N/A,N/A,CUST65441,AGENT2840,English,poor,yes,yes
call_000523.json,523,general,2025-08-17,13:13:26,43.3,James,neutral,False,inquiry,N/A,N/A,CUST12433,AGENT2474,English,good,yes,no
call_000524.json,524,billing,2025-10-06,16:34:09,46.4,David,positive,True,billing,N/A,N/A,CUST56173,AGENT8401,English,poor,yes,no
call_000525.json,525,billing,2025-10-31,15:59:36,40.6,Emily,neutral,True,inquiry,N/A,N/A,CUST63501,AGENT3898,English,good,no,no
call_000526.json,526,account,2025-09-19,08:01:00,44.5,Jennifer,negative,False,billing,N/A,N/A,CUST47957,AGENT5874,English,excellent,no,no
call_000527.json,527,sales,2025-08-18,10:03:33,43.3,Mike,neutral,N/A,device,True,Device,CUST40609,AGENT6518,English,good,yes,no
call_000528.json,528,technical,2025-10-20,13:14:04,41.0,Emily,negative,False,account,N/A,N/A,CUST73197,AGENT6173,English,poor,yes,yes
call_000529.json,529,support,2025-10-24,11:20:04,45.2,James,neutral,True,connectivity,N/A,N/A,CUST71660,AGENT7775,English,fair,yes,yes
call_000530.json,530,general,2025-08-16,09:58:25,47.3,James,negative,False,connectivity,N/A,N/A,CUST94752,AGENT9059,English,poor,yes,yes
call_000531.json,531,billing,2025-10-05,08:42:28,41.6,Sarah,negative,True,complaint,N/A,N/A,CUST80842,AGENT1203,English,good,no,no
call_000532.json,532,sales,2025-10-30,09:12:43,48.9,Robert,positive,N/A,device,False,Mobile Plan,CUST61091,AGENT7202,English,excellent,yes,no
call_000533.json,533,account,2025-11-01,12:24:47,50.9,Lisa,negative,False,billing,N/A,N/A,CUST90948,AGENT6553,English,good,no,no
call_000534.json,534,general,2025-09-03,09:41:40,43.2,James,neutral,False,sales_inquiry,N/A,N/A,CUST44862,AGENT1131,English,excellent,yes,yes
call_000535.json,535,account,2025-08-17,13:16:51,42.9,Sarah,negative,False,service_quality,N/A,N/A,CUST92596,AGENT3245,English,excellent,no,no
call_000536.json,536,retention,2025-10-01,16:27:01,48.7,Lisa,negative,True,retention,N/A,N/A,CUST11374,AGENT5855,English,poor,yes,no
call_000537.json,537,technical,2025-10-07,08:45:24,39.1,Sarah,positive,False,service_quality,N/A,N/A,CUST57889,AGENT4502,English,excellent,no,no
call_000538.json,538,account,2025-08-13,15:54:30,44.4,Sarah,neutral,True,billing,N/A,N/A,CUST81049,AGENT5347,English,good,yes,yes
call_000539.json,539,account,2025-08-11,10:14:46,45.9,Jennifer,positive,False,complaint,N/A,N/A,CUST54321,AGENT3305,English,excellent,yes,yes
call_000540.json,540,retention,2025-09-14,13:27:36,41.5,Jennifer,positive,True,inquiry,N/A,N/A,CUST91570,AGENT2137,English,good,yes,yes
call_000541.json,541,support,2025-09-30,10:39:32,39.7,Sarah,negative,True,service_quality,N/A,N/A,CUST27730,AGENT5713,English,excellent,yes,no
call_000542.json,542,general,2025-08-25,15:41:37,40.9,Lisa,negative,True,account,N/A,N/A,CUST23695,AGENT9564,English,good,no,no
call_000543.json,543,general,2025-08-30,13:14:16,45.4,Mike,neutral,False,connectivity,N/A,N/A,CUST10535,AGENT2199,English,good,no,no
call_000544.json,544,retention,2025-08-28,17:34:55,49.3,Jennifer,positive,False,service_quality,N/A,N/A,CUST61303,AGENT1401,English,fair,no,no
call_000545.json,545,account,2025-09-25,09:11:16,45.5,Lisa,negative,True,retention,N/A,N/A,CUST66485,AGENT5499,English,excellent,yes,yes
call_000546.json,546,technical,2025-10-09,14:12:02,47.7,James,neutral,False,inquiry,N/A,N/A,CUST49098,AGENT5387,English,good,yes,no
call_000547.json,547,support,2025-10-06,16:00:19,39.5,Jennifer,positive,False,technical_support,N/A,N/A,CUST15536,AGENT8602,English,good,no,no
call_000548.json,548,general,2025-10-23,13:33:17,40.5,James,neutral,True,inquiry,N/A,N/A,CUST12301,AGENT8678,English,good,no,yes
call_000549.json,549,support,2025-10-12,10:57:27,48.2,David,positive,True,connectivity,N/A,N/A,CUST94256,AGENT6907,English,poor,no,yes
call_000550.json,550,technical,2025-10-25,15:39:32,45.8,Emily,neutral,True,inquiry,N/A,N/A,CUST13535,AGENT3482,English,good,yes,no
call_000551.json,551,retention,2025-08-24,08:35:37,45.9,Sarah,positive,False,service_quality,N/A,N/A,CUST58443,AGENT9354,English,poor,yes,no
call_000552.json,552,general,2025-10-23,08:41:52,41.3,David,negative,True,retention,N/A,N/A,CUST10923,AGENT7582,English,poor,yes,yes
call_000553.json,553,support,2025-10-28,10:53:51,46.6,James,negative,True,account,N/A,N/A,CUST23126,AGENT6290,English,fair,no,yes
call_000554.json,554,retention,2025-09-02,17:04:47,45.9,Robert,neutral,False,connectivity,N/A,N/A,CUST86386,AGENT8174,English,poor,no,yes
call_000555.json,555,general,2025-10-20,17:58:45,45.6,Jennifer,positive,False,device,N/A,N/A,CUST96841,AGENT8195,English,good,yes,no
call_000556.json,556,account,2025-08-11,12:24:11,35.3,David,negative,False,billing,N/A,N/A,CUST55269,AGENT6844,English,fair,yes,no
call_000557.json,557,billing,2025-11-06,10:27:54,44.6,Mike,neutral,True,technical_support,N/A,N/A,CUST13875,AGENT7299,English,good,yes,yes
call_000558.json,558,technical,2025-09-17,15:22:39,39.4,Emily,neutral,True,connectivity,N/A,N/A,CUST22292,AGENT8771,English,poor,yes,no
call_000559.json,559,sales,2025-09-14,14:54:56,44.3,Lisa,neutral,N/A,service_quality,False,Broadband,CUST22147,AGENT5892,English,excellent,yes,yes
call_000560.json,560,general,2025-10-21,13:05:07,42.0,Robert,positive,True,service_quality,N/A,N/A,CUST87117,AGENT8503,English,poor,no,yes
call_000561.json,561,support,2025-11-08,15:51:35,37.9,Jennifer,negative,True,billing,N/A,N/A,CUST81931,AGENT8472,English,excellent,yes,no
call_000562.json,562,retention,2025-10-23,10:18:47,47.8,Robert,neutral,True,billing,N/A,N/A,CUST22561,AGENT5739,English,good,yes,no
call_000563.json,563,technical,2025-10-31,09:48:13,35.2,James,positive,True,service_quality,N/A,N/A,CUST80016,AGENT6025,English,good,yes,yes
call_000564.json,564,sales,2025-08-28,16:40:40,48.2,David,negative,N/A,technical_support,False,Mobile Plan,CUST33245,AGENT8731,English,good,no,no
call_000565.json,565,general,2025-09-20,14:46:20,43.0,Mike,neutral,False,account,N/A,N/A,CUST54310,AGENT4414,English,poor,yes,no
call_000566.json,566,retention,2025-08-26,11:39:38,48.0,David,positive,True,complaint,N/A,N/A,CUST96150,AGENT2264,English,poor,yes,no
call_000567.json,567,general,2025-10-25,12:25:50,37.0,David,negative,False,account,N/A,N/A,CUST87614,AGENT5879,English,poor,no,yes
call_000568.json,568,billing,2025-08-31,11:13:21,44.1,Lisa,positive,False,account,N/A,N/A,CUST88653,AGENT2817,English,excellent,yes,no
call_000569.json,569,support,2025-10-08,16:05:06,39.9,Jennifer,neutral,False,sales_inquiry,N/A,N/A,CUST11366,AGENT5635,English,excellent,yes,yes
call_000570.json,570,general,2025-09-09,17:42:06,40.9,Lisa,negative,False,retention,N/A,N/A,CUST87552,AGENT2633,English,good,no,yes
call_000571.json,571,support,2025-09-22,12:55:27,44.0,Robert,neutral,True,account,N/A,N/A,CUST89324,AGENT2175,English,good,yes,yes
call_000572.json,572,retention,2025-09-07,12:57:04,40.9,James,neutral,True,connectivity,N/A,N/A,CUST28209,AGENT6952,English,fair,no,yes
call_000573.json,573,retention,2025-09-24,14:23:01,40.9,James,negative,True,service_quality,N/A,N/A,CUST60171,AGENT1130,English,poor,yes,yes
call_000574.json,574,support,2025-08-17,10:08:14,40.4,Lisa,negative,False,device,N/A,N/A,CUST82379,AGENT3426,English,good,yes,yes
call_000575.json,575,billing,2025-11-09,14:18:07,44.8,Sarah,negative,True,technical_support,N/A,N/A,CUST74143,AGENT1670,English,poor,yes,yes
call_000576.json,576,sales,2025-10-11,15:35:37,43.7,Sarah,positive,N/A,billing,False,TV Package,CUST97508,AGENT3390,English,excellent,yes,no
call_000577.json,577,billing,2025-09-23,15:57:02,44.7,David,negative,True,billing,N/A,N/A,CUST62307,AGENT6215,English,good,no,no
call_000578.json,578,support,2025-10-01,09:46:21,41.1,David,neutral,True,technical_support,N/A,N/A,CUST42322,AGENT7526,English,excellent,no,no
call_000579.json,579,billing,2025-09-14,10:06:31,44.0,James,neutral,False,service_quality,N/A,N/A,CUST30574,AGENT3274,English,good,yes,no
call_000580.json,580,support,2025-08-19,11:13:23,43.2,Emily,neutral,True,inquiry,N/A,N/A,CUST39582,AGENT9018,English,poor,yes,yes
call_000581.json,581,support,2025-09-02,09:18:21,39.6,Sarah,negative,True,sales_inquiry,N/A,N/A,CUST47961,AGENT8226,English,fair,yes,no
call_000582.json,582,support,2025-08-21,16:43:59,46.8,Mike,negative,True,retention,N/A,N/A,CUST13151,AGENT7330,English,poor,no,yes
call_000583.json,583,billing,2025-10-07,14:22:38,46.4,David,positive,True,complaint,N/A,N/A,CUST59820,AGENT7225,English,good,yes,no
call_000584.json,584,general,2025-10-12,11:31:53,44.4,Lisa,positive,False,technical_support,N/A,N/A,CUST98164,AGENT7426,English,fair,no,no
call_000585.json,585,technical,2025-08-12,08:39:28,47.8,Lisa,negative,False,inquiry,N/A,N/A,CUST38247,AGENT5217,English,fair,yes,yes
call_000586.json,586,sales,2025-08-29,12:20:04,44.4,Mike,neutral,N/A,sales_inquiry,True,Device,CUST73994,AGENT7556,English,poor,yes,no
call_000587.json,587,sales,2025-09-22,08:54:21,49.8,Emily,negative,N/A,service_quality,True,Broadband,CUST89506,AGENT5686,English,poor,yes,yes
call_000588.json,588,account,2025-10-06,11:04:22,45.2,Robert,neutral,False,sales_inquiry,N/A,N/A,CUST60457,AGENT9338,English,fair,yes,yes
call_000589.json,589,general,2025-10-14,15:44:06,38.9,Robert,positive,False,sales_inquiry,N/A,N/A,CUST22243,AGENT2748,English,fair,no,no
call_000590.json,590,general,2025-09-05,10:18:10,45.1,Emily,positive,True,sales_inquiry,N/A,N/A,CUST62452,AGENT3326,English,excellent,no,no
call_000591.json,591,billing,2025-09-16,09:15:00,46.9,Sarah,positive,False,complaint,N/A,N/A,CUST71225,AGENT4120,English,excellent,no,yes
call_000592.json,592,retention,2025-10-03,12:31:13,41.8,Sarah,negative,False,connectivity,N/A,N/A,CUST55717,AGENT8920,English,poor,no,yes
call_000593.json,593,general,2025-10-17,10:53:05,42.0,Emily,positive,False,inquiry,N/A,N/A,CUST19953,AGENT5233,English,good,yes,no
call_000594.json,594,support,2025-09-25,15:57:05,46.0,Robert,negative,True,inquiry,N/A,N/A,CUST34496,AGENT2766,English,fair,no,no
call_000595.json,595,account,2025-11-04,08:44:56,36.5,Mike,neutral,False,device,N/A,N/A,CUST12725,AGENT9947,English,poor,yes,yes
call_000596.json,596,billing,2025-11-01,16:28:33,40.5,Emily,positive,True,billing,N/A,N/A,CUST10465,AGENT6074,English,excellent,yes,yes
call_000597.json,597,billing,2025-10-12,09:53:55,45.4,Lisa,positive,True,billing,N/A,N/A,CUST14762,AGENT6715,English,good,yes,yes
call_000598.json,598,general,2025-08-16,13:01:05,42.1,Emily,neutral,True,sales_inquiry,N/A,N/A,CUST93870,AGENT3645,English,poor,no,yes
call_000599.json,599,account,2025-09-29,17:53:31,44.3,Jennifer,positive,True,sales_inquiry,N/A,N/A,CUST48847,AGENT1408,English,good,no,yes
call_000600.json,600,billing,2025-09-13,16:53:56,41.7,Sarah,positive,False,retention,N/A,N/A,CUST55820,AGENT8586,English,excellent,yes,yes
call_000601.json,601,general,2025-09-07,11:01:08,38.2,Jennifer,negative,True,service_quality,N/A,N/A,CUST32644,AGENT7306,English,poor,yes,no
call_000602.json,602,retention,2025-08-17,14:22:59,46.6,James,neutral,False,complaint,N/A,N/A,CUST36034,AGENT5385,English,good,no,yes
call_000603.json,603,retention,2025-08-13,13:55:34,37.7,Robert,negative,False,connectivity,N/A,N/A,CUST56665,AGENT1389,English,fair,no,yes
call_000604.json,604,billing,2025-11-05,10:44:44,44.3,Sarah,negative,True,connectivity,N/A,N/A,CUST49308,AGENT6627,English,excellent,yes,yes
call_000605.json,605,billing,2025-11-03,16:23:31,50.1,David,neutral,True,account,N/A,N/A,CUST79275,AGENT4152,English,fair,no,no
call_000606.json,606,billing,2025-10-19,14:16:56,47.5,Mike,neutral,True,billing,N/A,N/A,CUST32780,AGENT7951,English,excellent,no,yes
call_000607.json,607,account,2025-10-13,12:50:14,44.2,James,neutral,False,complaint,N/A,N/A,CUST82883,AGENT9693,English,excellent,no,no
call_000608.json,608,general,2025-10-16,09:33:54,40.1,Mike,negative,False,account,N/A,N/A,CUST94790,AGENT5901,English,good,no,no
call_000609.json,609,sales,2025-10-31,13:28:13,42.8,Mike,positive,N/A,retention,False,Broadband,CUST67035,AGENT8930,English,excellent,yes,no
call_000610.json,610,sales,2025-08-18,08:17:00,43.2,James,neutral,N/A,inquiry,False,Device,CUST36963,AGENT5475,English,poor,no,no
call_000611.json,611,billing,2025-08-15,14:33:07,42.1,Mike,negative,True,sales_inquiry,N/A,N/A,CUST39132,AGENT7804,English,excellent,yes,yes
call_000612.json,612,retention,2025-08-27,09:39:16,41.5,James,positive,True,service_quality,N/A,N/A,CUST57422,AGENT5252,English,fair,no,no
call_000613.json,613,sales,2025-10-23,11:43:41,49.9,Emily,neutral,N/A,service_quality,False,Bundles,CUST97453,AGENT7238,English,excellent,no,no
call_000614.json,614,general,2025-08-29,14:37:32,38.4,Emily,neutral,True,retention,N/A,N/A,CUST12863,AGENT4546,English,poor,yes,yes
call_000615.json,615,support,2025-09-04,11:01:05,44.4,Lisa,negative,False,complaint,N/A,N/A,CUST24970,AGENT8312,English,poor,yes,no
call_000616.json,616,billing,2025-10-09,09:26:12,48.0,James,negative,False,billing,N/A,N/A,CUST32041,AGENT8552,English,fair,no,no
call_000617.json,617,general,2025-10-25,11:04:30,43.1,Jennifer,negative,True,inquiry,N/A,N/A,CUST79059,AGENT6397,English,fair,yes,yes
call_000618.json,618,billing,2025-10-08,15:55:26,39.0,Sarah,positive,True,device,N/A,N/A,CUST23932,AGENT3985,English,good,no,yes
call_000619.json,619,support,2025-08-23,17:55:11,46.1,Emily,positive,False,billing,N/A,N/A,CUST70411,AGENT8920,English,good,no,yes
call_000620.json,620,technical,2025-11-08,09:57:34,45.1,Emily,negative,True,billing,N/A,N/A,CUST95041,AGENT6079,English,fair,no,yes
call_000621.json,621,billing,2025-11-01,11:29:02,38.2,Lisa,positive,True,technical_support,N/A,N/A,CUST50769,AGENT3199,English,fair,no,yes
call_000622.json,622,retention,2025-10-16,17:43:01,44.7,Sarah,negative,False,inquiry,N/A,N/A,CUST40211,AGENT6006,English,good,no,yes
call_000623.json,623,billing,2025-09-27,08:28:17,41.7,Sarah,neutral,False,account,N/A,N/A,CUST54567,AGENT1355,English,fair,yes,no
call_000624.json,624,account,2025-09-04,14:27:28,39.9,Lisa,neutral,True,inquiry,N/A,N/A,CUST80633,AGENT5230,English,poor,yes,no
call_000625.json,625,retention,2025-08-14,09:24:31,39.8,Mike,neutral,True,service_quality,N/A,N/A,CUST44178,AGENT3960,English,good,no,yes
call_000626.json,626,billing,2025-09-28,08:55:43,39.6,Emily,negative,True,account,N/A,N/A,CUST80636,AGENT6303,English,poor,no,yes
call_000627.json,627,general,2025-10-22,15:29:22,41.8,Emily,neutral,True,complaint,N/A,N/A,CUST59289,AGENT8779,English,excellent,yes,no
call_000628.json,628,billing,2025-09-16,10:43:26,46.0,Emily,positive,True,device,N/A,N/A,CUST60872,AGENT5014,English,poor,no,no
call_000629.json,629,retention,2025-09-09,14:29:22,50.1,Sarah,negative,False,billing,N/A,N/A,CUST50386,AGENT8293,English,fair,yes,no
call_000630.json,630,support,2025-09-15,08:40:43,39.4,Mike,neutral,False,connectivity,N/A,N/A,CUST14825,AGENT5263,English,poor,yes,yes
call_000631.json,631,support,2025-08-27,14:25:42,47.6,Sarah,negative,False,sales_inquiry,N/A,N/A,CUST81769,AGENT3412,English,excellent,no,yes
call_000632.json,632,billing,2025-09-22,08:19:31,37.1,Emily,neutral,False,service_quality,N/A,N/A,CUST69122,AGENT4991,English,good,yes,no
call_000633.json,633,technical,2025-09-25,16:23:12,35.6,Robert,positive,False,service_quality,N/A,N/A,CUST64841,AGENT6214,English,excellent,no,yes
call_000634.json,634,account,2025-10-15,16:04:52,43.0,Robert,negative,False,service_quality,N/A,N/A,CUST60486,AGENT4097,English,fair,yes,yes
call_000635.json,635,billing,2025-09-13,15:34:05,42.6,Jennifer,positive,False,billing,N/A,N/A,CUST16219,AGENT7672,English,fair,no,no
call_000636.json,636,billing,2025-10-20,12:08:51,43.2,James,neutral,True,billing,N/A,N/A,CUST63018,AGENT9774,English,good,no,yes
call_000637.json,637,sales,2025-08-23,15:47:08,40.8,Mike,negative,N/A,service_quality,False,Bundles,CUST35083,AGENT8587,English,excellent,yes,no
call_000638.json,638,support,2025-08-20,16:46:37,48.2,Lisa,neutral,False,complaint,N/A,N/A,CUST53316,AGENT8137,English,poor,no,yes
call_000639.json,639,support,2025-08-23,08:13:32,47.2,Mike,neutral,True,connectivity,N/A,N/A,CUST37173,AGENT6394,English,excellent,no,no
call_000640.json,640,retention,2025-09-03,14:53:51,48.2,David,negative,False,technical_support,N/A,N/A,CUST59807,AGENT3445,English,good,no,yes
call_000641.json,641,general,2025-10-30,11:22:40,44.9,Jennifer,negative,False,account,N/A,N/A,CUST20637,AGENT8824,English,fair,no,no
call_000642.json,642,account,2025-09-14,16:38:27,42.8,Jennifer,negative,True,account,N/A,N/A,CUST11040,AGENT1816,English,good,no,yes
call_000643.json,643,support,2025-08-31,08:04:53,45.1,Mike,neutral,False,technical_support,N/A,N/A,CUST38727,AGENT8186,English,good,no,no
call_000644.json,644,technical,2025-09-26,14:28:47,41.0,James,positive,True,device,N/A,N/A,CUST75707,AGENT6970,English,excellent,yes,yes
call_000645.json,645,billing,2025-08-24,16:04:29,46.4,Robert,negative,False,retention,N/A,N/A,CUST59105,AGENT7067,English,excellent,yes,no
call_000646.json,646,billing,2025-09-07,09:21:55,43.5,Mike,neutral,False,sales_inquiry,N/A,N/A,CUST83882,AGENT3862,English,good,yes,no
call_000647.json,647,general,2025-10-12,13:17:41,44.8,Sarah,neutral,False,retention,N/A,N/A,CUST50503,AGENT2560,English,poor,no,no
call_000648.json,648,technical,2025-10-02,08:29:06,41.1,David,negative,False,service_quality,N/A,N/A,CUST62487,AGENT8284,English,excellent,no,no
call_000649.json,649,retention,2025-09-08,16:27:44,41.7,James,negative,False,inquiry,N/A,N/A,CUST33343,AGENT9667,English,fair,no,yes
call_000650.json,650,technical,2025-10-16,17:00:04,39.2,Jennifer,positive,False,service_quality,N/A,N/A,CUST34846,AGENT1772,English,poor,no,yes
call_000651.json,651,technical,2025-08-11,09:09:56,48.6,Lisa,negative,False,complaint,N/A,N/A,CUST78562,AGENT7395,English,poor,yes,yes
call_000652.json,652,general,2025-10-31,09:33:06,45.5,Jennifer,negative,False,complaint,N/A,N/A,CUST97258,AGENT6613,English,excellent,yes,no
call_000653.json,653,technical,2025-09-14,10:34:13,38.1,David,negative,False,sales_inquiry,N/A,N/A,CUST11496,AGENT4204,English,excellent,no,no
call_000654.json,654,billing,2025-08-16,10:24:54,41.7,James,neutral,False,service_quality,N/A,N/A,CUST95765,AGENT6382,English,poor,no,no
call_000655.json,655,technical,2025-11-08,15:17:11,43.5,Lisa,positive,False,billing,N/A,N/A,CUST53530,AGENT5040,English,excellent,yes,no
call_000656.json,656,retention,2025-09-09,12:21:58,46.3,Jennifer,neutral,True,service_quality,N/A,N/A,CUST59464,AGENT4566,English,fair,yes,yes
call_000657.json,657,sales,2025-10-29,14:16:34,47.3,Mike,neutral,N/A,account,False,Bundles,CUST93177,AGENT6255,English,good,yes,no
call_000658.json,658,technical,2025-09-07,12:55:21,37.7,Lisa,positive,True,billing,N/A,N/A,CUST10042,AGENT5951,English,fair,yes,no
call_000659.json,659,retention,2025-09-05,17:50:29,45.5,James,negative,False,device,N/A,N/A,CUST31812,AGENT7347,English,good,no,no
call_000660.json,660,billing,2025-10-12,15:29:37,42.5,Sarah,positive,False,device,N/A,N/A,CUST68201,AGENT2142,English,excellent,yes,no
call_000661.json,661,general,2025-11-09,14:39:22,42.8,David,neutral,True,device,N/A,N/A,CUST34999,AGENT6587,English,poor,no,no
call_000662.json,662,general,2025-10-02,10:23:21,47.0,Jennifer,negative,True,connectivity,N/A,N/A,CUST72871,AGENT7951,English,poor,no,yes
call_000663.json,663,retention,2025-09-18,10:36:52,46.3,Jennifer,positive,False,billing,N/A,N/A,CUST72113,AGENT7427,English,fair,no,yes
call_000664.json,664,technical,2025-10-06,14:26:08,39.8,Sarah,positive,True,retention,N/A,N/A,CUST51882,AGENT1293,English,excellent,no,yes
call_000665.json,665,technical,2025-09-02,13:32:45,43.6,James,neutral,True,billing,N/A,N/A,CUST91390,AGENT8541,English,excellent,yes,no
call_000666.json,666,support,2025-10-13,17:41:28,48.1,Mike,negative,False,billing,N/A,N/A,CUST47017,AGENT3701,English,excellent,no,no
call_000667.json,667,general,2025-10-15,13:55:19,42.6,James,neutral,True,inquiry,N/A,N/A,CUST70612,AGENT9501,English,poor,yes,no
call_000668.json,668,billing,2025-10-19,14:24:44,40.6,James,positive,False,device,N/A,N/A,CUST26500,AGENT6996,English,fair,yes,yes
call_000669.json,669,sales,2025-10-12,11:21:39,43.2,Emily,negative,N/A,complaint,False,Mobile Plan,CUST45769,AGENT8346,English,fair,yes,yes
call_000670.json,670,account,2025-09-12,14:04:55,40.3,David,negative,False,service_quality,N/A,N/A,CUST49466,AGENT3386,English,poor,no,yes
call_000671.json,671,general,2025-08-13,13:11:32,43.3,Robert,neutral,True,retention,N/A,N/A,CUST83129,AGENT4644,English,fair,no,yes
call_000672.json,672,sales,2025-09-24,13:20:34,48.7,Mike,positive,N/A,retention,True,Add-on Service,CUST17096,AGENT5370,English,excellent,no,yes
call_000673.json,673,sales,2025-10-25,14:27:51,47.6,Lisa,neutral,N/A,account,False,Add-on Service,CUST32764,AGENT9436,English,good,no,no
call_000674.json,674,sales,2025-09-06,08:47:48,46.4,Sarah,neutral,N/A,inquiry,False,Broadband,CUST14973,AGENT2790,English,excellent,yes,no
call_000675.json,675,general,2025-09-19,16:34:48,46.0,Emily,negative,True,device,N/A,N/A,CUST59832,AGENT8841,English,good,yes,yes
call_000676.json,676,technical,2025-10-07,14:30:16,39.1,Jennifer,negative,True,inquiry,N/A,N/A,CUST14629,AGENT8123,English,poor,no,no
call_000677.json,677,billing,2025-11-07,11:06:24,46.5,Mike,negative,True,retention,N/A,N/A,CUST83034,AGENT8881,English,excellent,yes,no
call_000678.json,678,support,2025-10-04,11:33:14,50.8,Robert,neutral,True,connectivity,N/A,N/A,CUST13604,AGENT1490,English,excellent,no,yes
call_000679.json,679,billing,2025-10-04,08:23:24,43.5,Jennifer,negative,False,retention,N/A,N/A,CUST69193,AGENT2672,English,good,no,yes
call_000680.json,680,retention,2025-09-29,16:51:51,48.8,Robert,negative,True,service_quality,N/A,N/A,CUST49681,AGENT5963,English,good,yes,yes
call_000681.json,681,sales,2025-10-29,16:36:53,37.6,Lisa,negative,N/A,billing,False,Add-on Service,CUST23360,AGENT3051,English,fair,no,yes
call_000682.json,682,billing,2025-09-21,15:06:18,43.5,James,neutral,True,complaint,N/A,N/A,CUST70132,AGENT9627,English,good,yes,yes
call_000683.json,683,sales,2025-10-17,14:19:04,39.8,Mike,neutral,N/A,connectivity,False,Device,CUST60503,AGENT1277,English,good,yes,no
call_000684.json,684,general,2025-08-30,14:49:40,35.9,James,neutral,True,inquiry,N/A,N/A,CUST78003,AGENT5450,English,fair,yes,no
call_000685.json,685,support,2025-09-25,13:54:37,45.8,David,neutral,False,sales_inquiry,N/A,N/A,CUST68686,AGENT5576,English,good,yes,yes
call_000686.json,686,retention,2025-10-13,17:55:19,41.5,Lisa,negative,True,sales_inquiry,N/A,N/A,CUST30286,AGENT5473,English,poor,yes,yes
call_000687.json,687,general,2025-10-24,09:56:45,46.3,Robert,negative,True,billing,N/A,N/A,CUST60932,AGENT3232,English,fair,yes,no
call_000688.json,688,retention,2025-11-03,08:03:42,47.9,David,neutral,False,billing,N/A,N/A,CUST24560,AGENT1907,English,excellent,no,no
call_000689.json,689,support,2025-09-07,15:40:15,39.6,Emily,positive,False,sales_inquiry,N/A,N/A,CUST57553,AGENT6193,English,poor,yes,yes
call_000690.json,690,sales,2025-08-16,09:45:36,44.6,Mike,negative,N/A,account,True,Add-on Service,CUST96322,AGENT3943,English,fair,yes,yes
call_000691.json,691,retention,2025-10-08,08:38:45,45.7,Emily,neutral,True,complaint,N/A,N/A,CUST13214,AGENT6250,English,poor,no,yes
call_000692.json,692,general,2025-10-18,17:20:22,42.8,Robert,neutral,False,inquiry,N/A,N/A,CUST87258,AGENT9023,English,poor,yes,no
call_000693.json,693,general,2025-11-08,16:02:23,43.5,David,negative,True,sales_inquiry,N/A,N/A,CUST42669,AGENT1525,English,good,yes,no
call_000694.json,694,retention,2025-09-15,11:40:25,42.7,Jennifer,negative,False,technical_support,N/A,N/A,CUST18679,AGENT3572,English,fair,no,no
call_000695.json,695,support,2025-09-12,13:51:13,40.5,Sarah,positive,True,inquiry,N/A,N/A,CUST25037,AGENT8122,English,good,yes,yes
call_000696.json,696,general,2025-10-02,10:37:26,40.6,Emily,negative,False,device,N/A,N/A,CUST77597,AGENT1058,English,good,no,yes
call_000697.json,697,support,2025-09-19,10:21:47,48.8,Robert,positive,True,account,N/A,N/A,CUST88094,AGENT6965,English,excellent,yes,yes
call_000698.json,698,support,2025-09-24,17:56:11,48.5,Robert,positive,True,connectivity,N/A,N/A,CUST52727,AGENT6777,English,poor,no,no
call_000699.json,699,technical,2025-10-14,11:24:45,42.2,James,negative,True,complaint,N/A,N/A,CUST88002,AGENT7159,English,excellent,yes,yes
call_000700.json,700,billing,2025-08-15,13:56:53,48.6,James,neutral,False,device,N/A,N/A,CUST77287,AGENT6988,English,poor,yes,no
call_000701.json,701,general,2025-08-29,09:44:25,44.7,David,negative,False,connectivity,N/A,N/A,CUST43962,AGENT5087,English,fair,yes,no
call_000702.json,702,retention,2025-09-02,11:24:37,46.7,Sarah,neutral,False,device,N/A,N/A,CUST29478,AGENT4125,English,good,no,no
call_000703.json,703,support,2025-08-11,13:20:23,47.8,David,positive,True,technical_support,N/A,N/A,CUST69176,AGENT1686,English,good,yes,yes
call_000704.json,704,technical,2025-08-21,08:23:24,45.1,Mike,neutral,False,service_quality,N/A,N/A,CUST47130,AGENT7868,English,fair,yes,yes
call_000705.json,705,billing,2025-09-16,17:01:11,48.6,Robert,neutral,False,device,N/A,N/A,CUST29617,AGENT2016,English,poor,no,no
call_000706.json,706,retention,2025-10-20,17:58:24,45.2,Sarah,neutral,False,inquiry,N/A,N/A,CUST29229,AGENT2842,English,excellent,no,yes
call_000707.json,707,support,2025-10-07,14:45:26,48.7,James,positive,False,technical_support,N/A,N/A,CUST75964,AGENT6309,English,good,no,no
call_000708.json,708,technical,2025-08-23,16:32:38,43.7,Sarah,negative,False,retention,N/A,N/A,CUST30074,AGENT9941,English,fair,yes,no
call_000709.json,709,account,2025-08-20,09:09:29,39.0,Sarah,negative,False,inquiry,N/A,N/A,CUST78641,AGENT4127,English,excellent,yes,no
call_000710.json,710,sales,2025-08-19,12:26:05,47.7,Robert,positive,N/A,connectivity,True,TV Package,CUST52929,AGENT2103,English,excellent,yes,yes
call_000711.json,711,support,2025-09-13,12:16:53,42.7,James,positive,True,device,N/A,N/A,CUST55422,AGENT3479,English,poor,no,yes
call_000712.json,712,support,2025-08-23,14:33:32,45.1,Lisa,positive,False,billing,N/A,N/A,CUST46049,AGENT5470,English,excellent,yes,yes
call_000713.json,713,general,2025-10-19,09:15:22,48.8,Robert,negative,True,inquiry,N/A,N/A,CUST64008,AGENT2929,English,good,yes,no
call_000714.json,714,retention,2025-10-08,17:46:34,46.1,David,negative,False,service_quality,N/A,N/A,CUST68570,AGENT5997,English,poor,yes,no
call_000715.json,715,sales,2025-11-09,09:58:39,44.0,David,neutral,N/A,device,False,Bundles,CUST86184,AGENT4490,English,poor,yes,no
call_000716.json,716,account,2025-08-12,11:55:57,38.8,Emily,positive,False,connectivity,N/A,N/A,CUST70992,AGENT1462,English,poor,no,no
call_000717.json,717,account,2025-09-01,08:57:25,43.6,Sarah,neutral,False,sales_inquiry,N/A,N/A,CUST20167,AGENT6225,English,fair,no,no
call_000718.json,718,account,2025-11-05,13:09:02,48.2,Emily,neutral,False,account,N/A,N/A,CUST20386,AGENT4608,English,good,no,yes
call_000719.json,719,general,2025-10-11,11:17:40,43.4,Jennifer,positive,False,technical_support,N/A,N/A,CUST93441,AGENT7033,English,poor,yes,no
call_000720.json,720,technical,2025-09-27,12:58:26,42.2,Jennifer,positive,True,complaint,N/A,N/A,CUST89119,AGENT4652,English,poor,no,yes
call_000721.json,721,billing,2025-08-17,14:57:10,45.2,Mike,positive,False,account,N/A,N/A,CUST98786,AGENT5288,English,fair,no,yes
call_000722.json,722,technical,2025-10-15,13:25:29,43.7,Lisa,positive,False,connectivity,N/A,N/A,CUST26947,AGENT8370,English,poor,yes,no
call_000723.json,723,support,2025-08-17,13:09:51,49.2,Robert,neutral,False,connectivity,N/A,N/A,CUST69392,AGENT9676,English,good,yes,no
call_000724.json,724,retention,2025-10-04,12:00:47,39.4,Robert,positive,False,device,N/A,N/A,CUST86382,AGENT4281,English,poor,yes,no
call_000725.json,725,retention,2025-09-06,13:30:04,46.7,Sarah,negative,False,account,N/A,N/A,CUST38093,AGENT8084,English,good,no,no
call_000726.json,726,account,2025-10-27,17:55:37,44.0,Emily,positive,True,connectivity,N/A,N/A,CUST77257,AGENT3524,English,excellent,yes,yes
call_000727.json,727,billing,2025-10-07,17:23:27,45.0,Emily,negative,True,connectivity,N/A,N/A,CUST74630,AGENT2255,English,fair,no,no
call_000728.json,728,billing,2025-09-11,08:00:22,47.9,Sarah,negative,True,inquiry,N/A,N/A,CUST89630,AGENT5602,English,poor,no,no
call_000729.json,729,retention,2025-08-25,08:53:36,45.2,David,negative,True,retention,N/A,N/A,CUST34445,AGENT3328,English,fair,yes,no
call_000730.json,730,account,2025-10-01,14:26:57,45.1,Robert,negative,False,service_quality,N/A,N/A,CUST77798,AGENT8057,English,poor,no,yes
call_000731.json,731,technical,2025-09-22,09:05:33,41.5,David,neutral,False,inquiry,N/A,N/A,CUST31808,AGENT7548,English,excellent,no,no
call_000732.json,732,billing,2025-10-21,11:33:24,43.4,Lisa,neutral,False,inquiry,N/A,N/A,CUST71810,AGENT5375,English,good,yes,no
call_000733.json,733,retention,2025-11-05,08:44:26,46.8,David,neutral,True,device,N/A,N/A,CUST73833,AGENT6418,English,fair,yes,no
call_000734.json,734,general,2025-09-30,17:11:14,50.0,Jennifer,negative,True,technical_support,N/A,N/A,CUST98363,AGENT2925,English,poor,yes,yes
call_000735.json,735,general,2025-09-26,10:50:56,47.4,Jennifer,neutral,False,complaint,N/A,N/A,CUST36475,AGENT4494,English,poor,yes,no
call_000736.json,736,retention,2025-10-08,12:24:45,46.4,Robert,neutral,False,billing,N/A,N/A,CUST23509,AGENT9271,English,good,yes,no
call_000737.json,737,billing,2025-08-28,17:03:39,38.8,Lisa,positive,True,sales_inquiry,N/A,N/A,CUST97273,AGENT7649,English,poor,yes,yes
call_000738.json,738,account,2025-09-17,14:48:51,45.6,Emily,neutral,True,inquiry,N/A,N/A,CUST39464,AGENT3690,English,excellent,no,yes
call_000739.json,739,account,2025-09-09,17:22:00,35.5,David,neutral,False,connectivity,N/A,N/A,CUST35405,AGENT6035,English,fair,yes,yes
call_000740.json,740,support,2025-08-30,11:30:48,41.8,Jennifer,neutral,False,inquiry,N/A,N/A,CUST87798,AGENT1405,English,excellent,no,yes
call_000741.json,741,technical,2025-10-14,12:59:57,45.5,Emily,negative,False,connectivity,N/A,N/A,CUST36792,AGENT8303,English,excellent,no,yes
call_000742.json,742,sales,2025-09-08,16:50:14,49.1,David,positive,N/A,retention,True,Bundles,CUST91359,AGENT3577,English,poor,no,yes
call_000743.json,743,billing,2025-08-27,14:22:51,44.0,David,negative,False,technical_support,N/A,N/A,CUST20577,AGENT1489,English,good,no,yes
call_000744.json,744,technical,2025-08-28,14:14:38,40.6,Emily,neutral,True,inquiry,N/A,N/A,CUST43707,AGENT6518,English,fair,yes,yes
call_000745.json,745,account,2025-08-29,11:38:04,43.6,Robert,neutral,True,sales_inquiry,N/A,N/A,CUST97494,AGENT7413,English,excellent,yes,yes
call_000746.json,746,support,2025-08-11,13:40:35,44.0,Sarah,neutral,False,billing,N/A,N/A,CUST11897,AGENT5678,English,fair,no,yes
call_000747.json,747,retention,2025-08-22,11:32:02,50.3,Lisa,neutral,True,sales_inquiry,N/A,N/A,CUST30675,AGENT6298,English,excellent,yes,yes
call_000748.json,748,support,2025-09-15,17:07:42,47.7,Emily,neutral,False,billing,N/A,N/A,CUST65840,AGENT2328,English,good,yes,yes
call_000749.json,749,general,2025-09-27,15:12:50,42.6,Robert,positive,False,complaint,N/A,N/A,CUST11515,AGENT2735,English,excellent,yes,yes
call_000750.json,750,general,2025-11-09,16:00:41,43.9,Lisa,neutral,True,service_quality,N/A,N/A,CUST89995,AGENT3418,English,good,yes,no
call_000751.json,751,support,2025-08-13,10:57:26,38.1,James,negative,False,device,N/A,N/A,CUST14302,AGENT4760,English,excellent,no,no
call_000752.json,752,support,2025-08-28,14:55:35,45.4,Emily,neutral,False,connectivity,N/A,N/A,CUST47775,AGENT6886,English,excellent,no,yes
call_000753.json,753,support,2025-09-06,08:26:52,40.4,Mike,positive,False,device,N/A,N/A,CUST69864,AGENT5297,English,fair,no,no
call_000754.json,754,account,2025-09-03,14:07:30,43.5,David,negative,False,service_quality,N/A,N/A,CUST98119,AGENT7149,English,fair,yes,yes
call_000755.json,755,general,2025-10-14,09:45:09,46.0,Emily,positive,False,technical_support,N/A,N/A,CUST29393,AGENT5481,English,good,yes,no
call_000756.json,756,sales,2025-10-25,08:38:05,42.8,Robert,negative,N/A,device,False,Broadband,CUST85845,AGENT5437,English,fair,yes,yes
call_000757.json,757,general,2025-10-27,08:02:51,34.1,Lisa,negative,True,inquiry,N/A,N/A,CUST60183,AGENT3467,English,fair,yes,no
call_000758.json,758,billing,2025-08-15,16:48:11,43.6,James,negative,True,complaint,N/A,N/A,CUST13308,AGENT6425,English,excellent,yes,no
call_000759.json,759,billing,2025-10-27,13:49:48,39.4,Robert,positive,False,device,N/A,N/A,CUST61921,AGENT3103,English,excellent,yes,no
call_000760.json,760,general,2025-10-19,17:27:53,41.3,Lisa,negative,False,inquiry,N/A,N/A,CUST71263,AGENT1466,English,excellent,yes,yes
call_000761.json,761,retention,2025-10-20,10:11:14,45.1,David,negative,True,inquiry,N/A,N/A,CUST52138,AGENT5326,English,excellent,no,yes
call_000762.json,762,billing,2025-08-27,11:54:54,39.2,James,positive,False,complaint,N/A,N/A,CUST64439,AGENT9801,English,good,no,no
call_000763.json,763,general,2025-09-04,12:37:56,38.0,James,positive,False,complaint,N/A,N/A,CUST22002,AGENT2842,English,fair,no,no
call_000764.json,764,support,2025-10-14,14:12:58,43.6,Jennifer,neutral,True,sales_inquiry,N/A,N/A,CUST54099,AGENT9135,English,good,no,no
call_000765.json,765,technical,2025-10-31,09:14:39,48.5,Emily,negative,True,billing,N/A,N/A,CUST53818,AGENT6045,English,excellent,no,no
call_000766.json,766,sales,2025-10-17,11:29:11,51.1,David,neutral,N/A,sales_inquiry,True,TV Package,CUST50049,AGENT4665,English,good,yes,no
call_000767.json,767,account,2025-09-18,16:35:44,45.8,Emily,negative,True,complaint,N/A,N/A,CUST93997,AGENT7882,English,excellent,yes,no
call_000768.json,768,retention,2025-09-14,09:22:22,48.0,James,positive,False,account,N/A,N/A,CUST46054,AGENT8263,English,fair,no,yes
call_000769.json,769,retention,2025-09-19,17:12:11,37.3,Jennifer,neutral,False,inquiry,N/A,N/A,CUST25842,AGENT5057,English,poor,no,no
call_000770.json,770,retention,2025-09-20,14:47:02,39.2,Sarah,negative,True,account,N/A,N/A,CUST38627,AGENT3236,English,poor,yes,no
call_000771.json,771,billing,2025-09-13,13:17:45,43.9,Mike,neutral,False,retention,N/A,N/A,CUST79219,AGENT4446,English,fair,yes,no
call_000772.json,772,retention,2025-09-13,08:21:58,45.3,Jennifer,neutral,True,complaint,N/A,N/A,CUST11534,AGENT9016,English,excellent,yes,no
call_000773.json,773,general,2025-11-02,17:00:12,43.5,Robert,positive,False,billing,N/A,N/A,CUST69203,AGENT9291,English,good,no,no
call_000774.json,774,sales,2025-09-19,14:12:14,49.1,Mike,neutral,N/A,connectivity,False,Bundles,CUST88695,AGENT3705,English,good,no,no
call_000775.json,775,billing,2025-11-02,13:19:33,41.6,Lisa,positive,True,service_quality,N/A,N/A,CUST68757,AGENT4563,English,fair,no,no
call_000776.json,776,account,2025-09-03,16:42:46,41.6,James,positive,True,billing,N/A,N/A,CUST54111,AGENT6545,English,excellent,yes,yes
call_000777.json,777,account,2025-09-25,17:44:51,47.1,Mike,negative,False,account,N/A,N/A,CUST58269,AGENT6449,English,excellent,yes,yes
call_000778.json,778,retention,2025-10-01,17:44:47,43.2,Jennifer,neutral,True,sales_inquiry,N/A,N/A,CUST70534,AGENT5344,English,excellent,no,no
call_000779.json,779,sales,2025-10-04,13:21:35,44.2,David,negative,N/A,account,False,Broadband,CUST47983,AGENT6786,English,fair,no,no
call_000780.json,780,technical,2025-08-27,15:37:14,42.1,Jennifer,positive,True,account,N/A,N/A,CUST61245,AGENT7286,English,excellent,yes,yes
call_000781.json,781,retention,2025-08-20,15:33:10,44.6,Emily,positive,False,billing,N/A,N/A,CUST83347,AGENT9721,English,good,no,no
call_000782.json,782,technical,2025-09-15,14:15:28,40.9,Mike,neutral,False,inquiry,N/A,N/A,CUST95354,AGENT6361,English,excellent,no,no
call_000783.json,783,general,2025-08-16,16:04:57,44.0,Lisa,neutral,False,billing,N/A,N/A,CUST96676,AGENT9810,English,good,yes,yes
call_000784.json,784,sales,2025-09-12,16:24:35,47.7,Jennifer,neutral,N/A,connectivity,True,Mobile Plan,CUST17092,AGENT6776,English,fair,yes,yes
call_000785.json,785,technical,2025-08-17,08:51:21,42.8,James,negative,True,sales_inquiry,N/A,N/A,CUST59029,AGENT2659,English,good,yes,no
call_000786.json,786,general,2025-09-18,13:39:38,41.4,Robert,positive,True,connectivity,N/A,N/A,CUST53745,AGENT3174,English,poor,yes,yes
call_000787.json,787,billing,2025-10-04,11:51:05,44.3,Emily,positive,True,device,N/A,N/A,CUST64233,AGENT7962,English,poor,no,no
call_000788.json,788,general,2025-11-04,14:37:00,36.0,Sarah,positive,True,technical_support,N/A,N/A,CUST70602,AGENT2245,English,excellent,yes,yes
call_000789.json,789,retention,2025-08-21,13:47:07,46.3,Mike,neutral,False,inquiry,N/A,N/A,CUST13217,AGENT3337,English,excellent,no,yes
call_000790.json,790,general,2025-09-11,08:53:47,42.5,Mike,neutral,False,service_quality,N/A,N/A,CUST67781,AGENT2007,English,excellent,yes,no
call_000791.json,791,retention,2025-09-22,17:49:35,38.5,Jennifer,negative,True,account,N/A,N/A,CUST42420,AGENT2206,English,poor,yes,no
call_000792.json,792,billing,2025-08-18,10:28:07,39.4,James,positive,False,inquiry,N/A,N/A,CUST96722,AGENT3623,English,poor,yes,yes
call_000793.json,793,general,2025-10-30,12:42:37,42.8,Emily,negative,True,retention,N/A,N/A,CUST27580,AGENT7319,English,good,yes,yes
call_000794.json,794,account,2025-11-04,08:31:22,40.1,Robert,neutral,True,billing,N/A,N/A,CUST65629,AGENT8650,English,fair,no,no
call_000795.json,795,sales,2025-09-16,17:07:09,39.1,Robert,negative,N/A,sales_inquiry,False,Device,CUST74343,AGENT2833,English,excellent,no,yes
call_000796.json,796,sales,2025-08-16,17:12:18,37.5,Robert,positive,N/A,technical_support,False,Add-on Service,CUST26019,AGENT8406,English,good,yes,yes
call_000797.json,797,sales,2025-08-26,10:57:29,48.1,David,positive,N/A,device,True,Bundles,CUST16575,AGENT5451,English,excellent,yes,no
call_000798.json,798,account,2025-09-26,12:53:37,45.8,Robert,neutral,True,device,N/A,N/A,CUST25038,AGENT1022,English,excellent,yes,no
call_000799.json,799,account,2025-10-04,14:10:00,41.2,Mike,positive,False,device,N/A,N/A,CUST26179,AGENT4776,English,fair,no,no
call_000800.json,800,account,2025-08-21,09:47:11,44.5,Jennifer,positive,True,connectivity,N/A,N/A,CUST32342,AGENT3710,English,fair,yes,no
call_000801.json,801,billing,2025-11-02,13:11:47,45.9,Emily,positive,True,service_quality,N/A,N/A,CUST87679,AGENT3920,English,good,yes,yes
call_000802.json,802,retention,2025-09-06,12:44:19,41.6,Mike,negative,False,sales_inquiry,N/A,N/A,CUST91037,AGENT9244,English,poor,no,no
call_000803.json,803,account,2025-09-19,16:49:10,47.5,Lisa,negative,True,account,N/A,N/A,CUST47987,AGENT3998,English,fair,yes,yes
call_000804.json,804,sales,2025-09-01,15:31:55,51.4,Lisa,neutral,N/A,device,True,TV Package,CUST19835,AGENT1650,English,poor,no,yes
call_000805.json,805,general,2025-09-30,10:14:35,45.0,Lisa,negative,False,billing,N/A,N/A,CUST82264,AGENT3773,English,good,no,yes
call_000806.json,806,retention,2025-08-18,08:31:30,48.2,Jennifer,neutral,True,technical_support,N/A,N/A,CUST10803,AGENT5874,English,fair,no,yes
call_000807.json,807,general,2025-08-13,13:07:58,46.6,Robert,neutral,True,billing,N/A,N/A,CUST13396,AGENT7729,English,poor,no,no
call_000808.json,808,support,2025-08-18,17:48:14,39.3,David,neutral,False,technical_support,N/A,N/A,CUST50266,AGENT8260,English,fair,yes,yes
call_000809.json,809,support,2025-11-07,11:45:26,39.9,Jennifer,neutral,True,service_quality,N/A,N/A,CUST81714,AGENT7098,English,excellent,yes,yes
call_000810.json,810,sales,2025-10-14,12:19:08,42.5,Mike,negative,N/A,billing,False,Device,CUST15686,AGENT7739,English,fair,yes,yes
call_000811.json,811,general,2025-09-10,15:58:23,43.5,Sarah,neutral,True,billing,N/A,N/A,CUST38539,AGENT9193,English,poor,no,yes
call_000812.json,812,sales,2025-09-08,13:32:21,45.8,David,negative,N/A,inquiry,False,Add-on Service,CUST35258,AGENT2737,English,fair,yes,no
call_000813.json,813,retention,2025-08-15,13:17:18,48.5,Jennifer,positive,True,connectivity,N/A,N/A,CUST69005,AGENT9456,English,poor,no,no
call_000814.json,814,retention,2025-10-08,12:09:27,44.2,Jennifer,negative,True,device,N/A,N/A,CUST48318,AGENT5925,English,poor,yes,no
call_000815.json,815,account,2025-10-11,16:06:51,42.7,Emily,neutral,True,retention,N/A,N/A,CUST67974,AGENT9195,English,good,no,no
call_000816.json,816,general,2025-09-22,15:18:01,44.2,Jennifer,neutral,True,technical_support,N/A,N/A,CUST37523,AGENT7224,English,good,no,yes
call_000817.json,817,retention,2025-09-16,09:07:53,45.1,Jennifer,positive,True,sales_inquiry,N/A,N/A,CUST24243,AGENT6122,English,fair,no,yes
call_000818.json,818,technical,2025-10-19,16:33:01,48.8,Mike,negative,False,technical_support,N/A,N/A,CUST13672,AGENT9123,English,fair,yes,no
call_000819.json,819,retention,2025-09-21,12:34:27,39.3,Mike,negative,False,device,N/A,N/A,CUST98027,AGENT8495,English,fair,no,yes
call_000820.json,820,technical,2025-09-14,17:09:25,44.6,James,negative,False,device,N/A,N/A,CUST57260,AGENT2706,English,poor,no,yes
call_000821.json,821,support,2025-10-26,10:28:46,47.5,Emily,positive,True,account,N/A,N/A,CUST24312,AGENT9077,English,fair,yes,no
call_000822.json,822,retention,2025-09-26,08:08:45,41.8,Mike,negative,True,device,N/A,N/A,CUST79716,AGENT3653,English,excellent,no,no
call_000823.json,823,retention,2025-10-19,09:16:12,45.4,Robert,negative,True,service_quality,N/A,N/A,CUST78409,AGENT7313,English,poor,no,yes
call_000824.json,824,general,2025-10-20,15:42:58,46.7,James,positive,False,technical_support,N/A,N/A,CUST89500,AGENT1439,English,good,no,yes
call_000825.json,825,support,2025-11-08,16:33:34,48.4,Sarah,neutral,True,connectivity,N/A,N/A,CUST66878,AGENT1049,English,fair,yes,no
call_000826.json,826,billing,2025-10-27,16:58:07,43.5,Sarah,positive,True,service_quality,N/A,N/A,CUST27607,AGENT1644,English,fair,yes,no
call_000827.json,827,general,2025-10-29,08:25:41,43.8,Robert,positive,False,sales_inquiry,N/A,N/A,CUST69995,AGENT3477,English,poor,no,yes
call_000828.json,828,account,2025-09-26,09:51:32,40.9,James,negative,True,retention,N/A,N/A,CUST58925,AGENT7453,English,good,no,yes
call_000829.json,829,general,2025-11-09,13:58:31,48.8,Sarah,positive,False,complaint,N/A,N/A,CUST37899,AGENT7672,English,excellent,yes,yes
call_000830.json,830,sales,2025-10-30,15:19:57,41.6,Lisa,positive,N/A,service_quality,True,Bundles,CUST35817,AGENT7349,English,poor,yes,no
call_000831.json,831,sales,2025-10-12,17:55:37,47.5,James,neutral,N/A,complaint,True,TV Package,CUST30868,AGENT3009,English,fair,yes,yes
call_000832.json,832,technical,2025-08-18,14:31:58,37.9,Mike,positive,False,retention,N/A,N/A,CUST62363,AGENT7102,English,poor,no,no
call_000833.json,833,technical,2025-08-24,10:38:52,43.0,Lisa,neutral,False,complaint,N/A,N/A,CUST71264,AGENT4803,English,poor,no,yes
call_000834.json,834,support,2025-10-03,13:09:36,47.0,Emily,neutral,True,sales_inquiry,N/A,N/A,CUST23676,AGENT6629,English,excellent,no,yes
call_000835.json,835,technical,2025-08-25,17:47:37,45.2,James,neutral,True,billing,N/A,N/A,CUST66644,AGENT3112,English,fair,no,no
call_000836.json,836,retention,2025-10-16,16:42:29,47.8,James,neutral,True,device,N/A,N/A,CUST23219,AGENT3107,English,excellent,no,yes
call_000837.json,837,account,2025-11-08,11:03:41,39.4,Sarah,negative,True,retention,N/A,N/A,CUST51140,AGENT6134,English,fair,yes,no
call_000838.json,838,sales,2025-09-08,15:40:41,40.3,Sarah,positive,N/A,account,True,Mobile Plan,CUST74162,AGENT8146,English,fair,no,no
call_000839.json,839,technical,2025-08-22,16:39:41,46.6,Emily,positive,True,technical_support,N/A,N/A,CUST76092,AGENT3964,English,fair,no,no
call_000840.json,840,sales,2025-10-16,14:16:56,48.3,David,negative,N/A,account,True,TV Package,CUST61419,AGENT5375,English,fair,no,yes
call_000841.json,841,general,2025-11-04,17:02:57,38.7,Jennifer,negative,True,connectivity,N/A,N/A,CUST97241,AGENT7930,English,good,yes,no
call_000842.json,842,account,2025-09-11,13:31:13,47.9,Emily,negative,True,technical_support,N/A,N/A,CUST18910,AGENT9432,English,fair,yes,no
call_000843.json,843,technical,2025-08-20,13:53:46,37.6,Emily,neutral,False,account,N/A,N/A,CUST69396,AGENT3137,English,good,no,no
call_000844.json,844,technical,2025-09-12,14:43:41,42.1,Sarah,neutral,True,inquiry,N/A,N/A,CUST53046,AGENT4246,English,excellent,no,yes
call_000845.json,845,retention,2025-10-17,14:24:36,47.2,Lisa,neutral,False,device,N/A,N/A,CUST37618,AGENT3338,English,fair,no,yes
call_000846.json,846,technical,2025-09-21,16:44:33,46.5,David,negative,False,retention,N/A,N/A,CUST90750,AGENT3775,English,fair,no,no
call_000847.json,847,support,2025-09-07,17:50:15,38.0,David,negative,True,inquiry,N/A,N/A,CUST82225,AGENT1038,English,excellent,yes,yes
call_000848.json,848,general,2025-11-05,09:11:39,38.4,Sarah,positive,True,technical_support,N/A,N/A,CUST89219,AGENT1297,English,good,yes,no
call_000849.json,849,technical,2025-10-23,15:09:34,42.0,Robert,neutral,True,device,N/A,N/A,CUST14348,AGENT5169,English,excellent,yes,yes
call_000850.json,850,retention,2025-10-26,09:27:29,42.7,Sarah,negative,True,inquiry,N/A,N/A,CUST55393,AGENT5753,English,good,yes,yes
call_000851.json,851,technical,2025-09-27,11:41:54,38.0,James,negative,False,connectivity,N/A,N/A,CUST47082,AGENT1195,English,fair,yes,yes
call_000852.json,852,account,2025-11-09,09:31:57,42.4,Lisa,positive,False,device,N/A,N/A,CUST67916,AGENT3736,English,poor,no,yes
call_000853.json,853,retention,2025-09-25,15:36:27,44.6,Jennifer,negative,True,complaint,N/A,N/A,CUST82895,AGENT7644,English,good,yes,yes
call_000854.json,854,general,2025-11-05,17:09:50,39.8,Lisa,positive,False,billing,N/A,N/A,CUST68962,AGENT7916,English,fair,no,yes
call_000855.json,855,technical,2025-10-16,11:40:46,44.5,James,positive,False,technical_support,N/A,N/A,CUST71944,AGENT1260,English,good,no,yes
call_000856.json,856,general,2025-10-01,08:24:40,36.2,David,negative,True,device,N/A,N/A,CUST17408,AGENT2709,English,poor,no,yes
call_000857.json,857,sales,2025-08-28,12:18:36,43.6,Lisa,positive,N/A,technical_support,True,TV Package,CUST72659,AGENT5732,English,good,yes,no
call_000858.json,858,sales,2025-08-18,09:51:33,48.4,Lisa,neutral,N/A,account,False,Bundles,CUST46432,AGENT8866,English,good,yes,yes
call_000859.json,859,billing,2025-10-22,09:33:58,44.6,James,negative,True,retention,N/A,N/A,CUST88344,AGENT1605,English,poor,no,yes
call_000860.json,860,technical,2025-08-12,17:35:18,40.5,Mike,neutral,False,device,N/A,N/A,CUST58749,AGENT1601,English,poor,no,no
call_000861.json,861,account,2025-08-24,16:10:37,46.0,James,negative,True,account,N/A,N/A,CUST13763,AGENT6570,English,fair,no,no
call_000862.json,862,account,2025-09-21,14:45:00,45.5,James,negative,True,inquiry,N/A,N/A,CUST64938,AGENT4464,English,fair,no,no
call_000863.json,863,technical,2025-08-26,13:02:52,48.9,Sarah,neutral,False,retention,N/A,N/A,CUST64703,AGENT6939,English,fair,no,yes
call_000864.json,864,technical,2025-08-29,17:03:09,44.9,Lisa,negative,True,connectivity,N/A,N/A,CUST39369,AGENT9470,English,fair,no,yes
call_000865.json,865,technical,2025-10-14,12:56:26,45.2,Sarah,positive,False,billing,N/A,N/A,CUST19037,AGENT9637,English,poor,no,yes
call_000866.json,866,technical,2025-10-15,09:14:30,37.9,Jennifer,negative,True,complaint,N/A,N/A,CUST80816,AGENT1791,English,good,yes,yes
call_000867.json,867,account,2025-08-28,13:23:13,48.0,David,neutral,True,account,N/A,N/A,CUST16463,AGENT9804,English,good,yes,yes
call_000868.json,868,sales,2025-10-08,10:29:44,46.8,Mike,positive,N/A,inquiry,False,Add-on Service,CUST69455,AGENT5083,English,excellent,yes,no
call_000869.json,869,support,2025-08-11,17:17:20,49.3,Emily,negative,False,sales_inquiry,N/A,N/A,CUST96089,AGENT5803,English,fair,no,no
call_000870.json,870,general,2025-10-24,16:44:01,43.9,Robert,positive,False,connectivity,N/A,N/A,CUST50578,AGENT2256,English,poor,no,yes
call_000871.json,871,general,2025-09-25,08:27:58,46.1,James,positive,False,sales_inquiry,N/A,N/A,CUST78297,AGENT9324,English,excellent,no,no
call_000872.json,872,retention,2025-09-19,09:37:08,43.7,James,positive,True,billing,N/A,N/A,CUST29047,AGENT8039,English,poor,no,no
call_000873.json,873,account,2025-11-08,09:31:24,40.3,James,negative,True,account,N/A,N/A,CUST24145,AGENT2482,English,poor,yes,no
call_000874.json,874,retention,2025-10-20,15:13:01,43.8,Sarah,negative,False,account,N/A,N/A,CUST26706,AGENT6055,English,good,no,no
call_000875.json,875,general,2025-10-30,15:31:50,38.2,Emily,positive,False,inquiry,N/A,N/A,CUST13934,AGENT4425,English,poor,no,no
call_000876.json,876,technical,2025-10-08,13:08:54,45.6,David,neutral,True,retention,N/A,N/A,CUST53256,AGENT7792,English,poor,yes,no
call_000877.json,877,support,2025-09-19,09:26:54,44.5,David,positive,True,technical_support,N/A,N/A,CUST67732,AGENT7781,English,fair,yes,yes
call_000878.json,878,sales,2025-08-25,13:46:25,47.1,Emily,positive,N/A,retention,False,Bundles,CUST77576,AGENT4072,English,good,yes,no
call_000879.json,879,general,2025-11-07,11:41:28,42.6,David,neutral,True,account,N/A,N/A,CUST48697,AGENT5099,English,good,no,no
call_000880.json,880,technical,2025-09-04,16:27:34,44.9,James,positive,True,billing,N/A,N/A,CUST17619,AGENT3635,English,fair,yes,yes
call_000881.json,881,sales,2025-09-19,17:14:52,46.4,Jennifer,neutral,N/A,inquiry,True,Mobile Plan,CUST93391,AGENT1531,English,fair,yes,yes
call_000882.json,882,support,2025-08-14,11:48:49,49.6,Robert,negative,True,device,N/A,N/A,CUST42362,AGENT9884,English,poor,no,no
call_000883.json,883,technical,2025-10-17,14:48:24,42.9,Emily,positive,False,account,N/A,N/A,CUST76820,AGENT3733,English,excellent,no,yes
call_000884.json,884,billing,2025-11-08,11:26:00,45.0,Lisa,negative,True,sales_inquiry,N/A,N/A,CUST67397,AGENT9008,English,poor,yes,yes
call_000885.json,885,billing,2025-08-11,09:52:33,47.8,James,negative,False,technical_support,N/A,N/A,CUST23661,AGENT2687,English,excellent,no,no
call_000886.json,886,technical,2025-08-21,12:47:47,43.4,David,positive,True,technical_support,N/A,N/A,CUST59390,AGENT4321,English,good,yes,yes
call_000887.json,887,sales,2025-10-17,11:40:30,40.0,Lisa,negative,N/A,connectivity,True,Bundles,CUST37409,AGENT6644,English,fair,no,no
call_000888.json,888,general,2025-09-30,16:57:33,47.8,Jennifer,neutral,True,account,N/A,N/A,CUST21211,AGENT5280,English,excellent,yes,yes
call_000889.json,889,billing,2025-10-03,11:19:28,39.9,Emily,positive,False,sales_inquiry,N/A,N/A,CUST16624,AGENT9582,English,good,yes,yes
call_000890.json,890,account,2025-08-21,09:27:51,44.7,Jennifer,neutral,False,account,N/A,N/A,CUST43308,AGENT4646,English,excellent,yes,yes
call_000891.json,891,support,2025-09-21,08:18:26,47.7,Mike,neutral,True,inquiry,N/A,N/A,CUST12305,AGENT2702,English,poor,no,no
call_000892.json,892,sales,2025-10-19,17:33:23,50.7,Mike,negative,N/A,connectivity,False,Mobile Plan,CUST32142,AGENT4995,English,excellent,no,yes
call_000893.json,893,general,2025-08-14,13:08:07,40.8,Emily,neutral,True,retention,N/A,N/A,CUST61442,AGENT9970,English,excellent,yes,yes
call_000894.json,894,technical,2025-08-15,11:30:41,42.5,Emily,positive,False,sales_inquiry,N/A,N/A,CUST56501,AGENT5208,English,good,no,yes
call_000895.json,895,general,2025-08-23,08:30:16,41.7,Robert,negative,True,service_quality,N/A,N/A,CUST43705,AGENT8709,English,good,yes,yes
call_000896.json,896,technical,2025-09-06,10:22:53,42.9,Mike,neutral,False,device,N/A,N/A,CUST79924,AGENT5620,English,excellent,no,yes
call_000897.json,897,account,2025-08-23,11:00:13,42.3,David,neutral,True,inquiry,N/A,N/A,CUST56910,AGENT4937,English,fair,yes,no
call_000898.json,898,support,2025-10-11,17:24:06,47.1,Robert,positive,False,connectivity,N/A,N/A,CUST96943,AGENT4286,English,fair,yes,no
call_000899.json,899,technical,2025-09-06,15:11:14,41.8,David,neutral,True,sales_inquiry,N/A,N/A,CUST42407,AGENT6049,English,excellent,yes,yes
call_000900.json,900,billing,2025-09-23,11:29:45,46.6,Robert,neutral,False,account,N/A,N/A,CUST18088,AGENT5556,English,good,no,no
call_000901.json,901,sales,2025-08-24,15:10:37,44.9,Mike,negative,N/A,sales_inquiry,True,Bundles,CUST78688,AGENT3643,English,good,no,no
call_000902.json,902,sales,2025-08-26,10:22:41,47.6,James,positive,N/A,inquiry,False,Add-on Service,CUST17227,AGENT8047,English,poor,no,yes
call_000903.json,903,account,2025-09-15,11:47:20,41.7,Robert,positive,False,connectivity,N/A,N/A,CUST63796,AGENT5843,English,good,no,yes
call_000904.json,904,account,2025-09-05,10:41:02,45.4,Sarah,negative,False,account,N/A,N/A,CUST67126,AGENT1351,English,poor,yes,no
call_000905.json,905,retention,2025-10-31,15:35:42,42.2,Robert,positive,False,connectivity,N/A,N/A,CUST57932,AGENT2110,English,good,yes,no
call_000906.json,906,technical,2025-08-12,16:37:27,41.1,David,positive,False,device,N/A,N/A,CUST51676,AGENT7506,English,good,no,yes
call_000907.json,907,billing,2025-10-20,09:12:17,47.2,Emily,positive,False,sales_inquiry,N/A,N/A,CUST21688,AGENT7499,English,fair,no,yes
call_000908.json,908,billing,2025-09-19,16:07:31,44.2,Jennifer,negative,False,inquiry,N/A,N/A,CUST42733,AGENT1135,English,excellent,yes,no
call_000909.json,909,account,2025-10-28,14:44:26,44.7,Sarah,neutral,False,inquiry,N/A,N/A,CUST49775,AGENT7848,English,excellent,yes,yes
call_000910.json,910,sales,2025-09-20,13:31:54,47.5,Lisa,neutral,N/A,complaint,True,Broadband,CUST92800,AGENT2581,English,good,yes,no
call_000911.json,911,account,2025-09-24,15:16:20,44.4,Robert,positive,True,complaint,N/A,N/A,CUST62017,AGENT2942,English,excellent,no,yes
call_000912.json,912,account,2025-10-08,09:34:13,43.9,David,neutral,False,inquiry,N/A,N/A,CUST89604,AGENT6642,English,fair,no,yes
call_000913.json,913,sales,2025-09-15,14:29:54,40.0,Jennifer,negative,N/A,inquiry,False,Mobile Plan,CUST93512,AGENT1818,English,poor,no,no
call_000914.json,914,retention,2025-08-23,10:08:16,44.0,Lisa,neutral,False,device,N/A,N/A,CUST57196,AGENT9069,English,poor,no,yes
call_000915.json,915,technical,2025-08-13,17:49:35,42.7,James,neutral,False,account,N/A,N/A,CUST58300,AGENT9240,English,fair,no,no
call_000916.json,916,support,2025-10-03,13:50:37,45.5,Emily,negative,False,device,N/A,N/A,CUST18472,AGENT2880,English,fair,no,yes
call_000917.json,917,sales,2025-09-08,13:37:21,46.1,Robert,negative,N/A,billing,True,Mobile Plan,CUST43208,AGENT1700,English,poor,no,yes
call_000918.json,918,retention,2025-10-10,13:14:27,46.3,Sarah,negative,False,retention,N/A,N/A,CUST58908,AGENT8331,English,poor,no,no
call_000919.json,919,sales,2025-10-29,15:07:48,45.9,Lisa,negative,N/A,device,False,Mobile Plan,CUST47988,AGENT4772,English,fair,no,no
call_000920.json,920,account,2025-09-22,09:16:39,42.1,David,negative,False,inquiry,N/A,N/A,CUST36818,AGENT7633,English,good,yes,no
call_000921.json,921,sales,2025-10-15,15:47:40,47.4,James,neutral,N/A,account,True,Mobile Plan,CUST89213,AGENT7809,English,fair,yes,no
call_000922.json,922,retention,2025-10-07,14:01:10,44.3,Jennifer,negative,False,billing,N/A,N/A,CUST42730,AGENT8119,English,fair,yes,no
call_000923.json,923,technical,2025-10-18,17:59:14,43.4,James,positive,True,account,N/A,N/A,CUST56768,AGENT3354,English,poor,no,yes
call_000924.json,924,billing,2025-08-15,13:34:07,46.9,David,neutral,True,connectivity,N/A,N/A,CUST51950,AGENT9679,English,excellent,yes,yes
call_000925.json,925,account,2025-10-19,16:07:39,44.0,Emily,neutral,True,billing,N/A,N/A,CUST55210,AGENT1008,English,good,yes,no
call_000926.json,926,billing,2025-08-24,16:05:28,38.2,David,negative,False,service_quality,N/A,N/A,CUST73529,AGENT4798,English,poor,no,no
call_000927.json,927,sales,2025-09-21,09:50:54,45.5,James,negative,N/A,inquiry,False,Broadband,CUST20667,AGENT9983,English,poor,no,no
call_000928.json,928,technical,2025-09-18,13:15:12,43.0,David,positive,True,technical_support,N/A,N/A,CUST35526,AGENT7036,English,poor,no,yes
call_000929.json,929,account,2025-09-07,17:31:32,42.0,Emily,positive,False,technical_support,N/A,N/A,CUST53906,AGENT1182,English,excellent,no,no
call_000930.json,930,billing,2025-10-14,17:35:53,40.3,Sarah,neutral,True,retention,N/A,N/A,CUST31573,AGENT5554,English,fair,yes,no
call_000931.json,931,retention,2025-09-30,14:35:15,39.9,Sarah,negative,False,complaint,N/A,N/A,CUST68969,AGENT1460,English,good,no,no
call_000932.json,932,sales,2025-09-10,15:23:59,44.4,James,negative,N/A,technical_support,True,Bundles,CUST83940,AGENT6828,English,poor,yes,no
call_000933.json,933,billing,2025-10-30,13:03:50,44.9,Mike,positive,False,retention,N/A,N/A,CUST49711,AGENT5009,English,excellent,no,no
call_000934.json,934,support,2025-08-22,11:21:27,45.4,Mike,neutral,False,technical_support,N/A,N/A,CUST95128,AGENT9293,English,excellent,yes,no
call_000935.json,935,sales,2025-08-12,16:55:48,42.2,David,neutral,N/A,complaint,False,Bundles,CUST64672,AGENT9123,English,good,no,yes
call_000936.json,936,billing,2025-09-23,15:14:07,44.8,Sarah,negative,True,device,N/A,N/A,CUST55767,AGENT4588,English,poor,yes,yes
call_000937.json,937,technical,2025-10-08,15:05:57,47.1,Emily,negative,False,sales_inquiry,N/A,N/A,CUST53642,AGENT1604,English,fair,no,yes
call_000938.json,938,billing,2025-08-16,14:00:45,48.3,Jennifer,neutral,True,retention,N/A,N/A,CUST46872,AGENT2983,English,fair,no,no
call_000939.json,939,general,2025-09-19,16:32:40,42.7,Lisa,positive,False,connectivity,N/A,N/A,CUST76919,AGENT5487,English,good,yes,no
call_000940.json,940,sales,2025-08-27,10:36:18,46.8,James,positive,N/A,service_quality,False,Bundles,CUST89573,AGENT4176,English,excellent,yes,no
call_000941.json,941,technical,2025-08-18,13:50:42,43.3,Robert,negative,True,billing,N/A,N/A,CUST77120,AGENT1257,English,excellent,no,no
call_000942.json,942,billing,2025-10-10,14:22:03,40.7,Sarah,positive,False,service_quality,N/A,N/A,CUST62058,AGENT1620,English,good,no,yes
call_000943.json,943,general,2025-09-03,09:02:36,42.2,Jennifer,neutral,True,inquiry,N/A,N/A,CUST72601,AGENT6796,English,good,no,no
call_000944.json,944,technical,2025-09-05,13:57:41,42.3,Robert,positive,True,retention,N/A,N/A,CUST91749,AGENT9575,English,good,yes,yes
call_000945.json,945,sales,2025-10-06,14:13:25,44.9,James,positive,N/A,sales_inquiry,False,TV Package,CUST88466,AGENT9572,English,good,no,no
call_000946.json,946,billing,2025-10-07,08:07:03,45.2,Robert,negative,True,billing,N/A,N/A,CUST50944,AGENT7647,English,excellent,yes,yes
call_000947.json,947,sales,2025-08-28,13:01:35,44.5,Robert,positive,N/A,billing,True,Broadband,CUST88383,AGENT1190,English,excellent,no,no
call_000948.json,948,general,2025-09-14,15:18:05,39.0,James,positive,False,service_quality,N/A,N/A,CUST86018,AGENT1718,English,fair,no,yes
call_000949.json,949,technical,2025-09-24,12:26:28,43.6,Robert,positive,True,account,N/A,N/A,CUST19746,AGENT4340,English,poor,yes,no
call_000950.json,950,general,2025-09-04,09:29:10,42.0,Lisa,positive,False,connectivity,N/A,N/A,CUST42032,AGENT6208,English,poor,no,no
call_000951.json,951,general,2025-09-03,10:08:14,45.5,Emily,neutral,True,connectivity,N/A,N/A,CUST94439,AGENT7970,English,fair,yes,yes
call_000952.json,952,general,2025-08-19,12:41:27,41.4,Mike,neutral,True,account,N/A,N/A,CUST92934,AGENT2723,English,excellent,no,yes
call_000953.json,953,retention,2025-10-21,13:53:15,46.3,James,negative,False,billing,N/A,N/A,CUST97262,AGENT8924,English,fair,yes,no
call_000954.json,954,support,2025-09-26,12:02:51,45.6,David,neutral,True,sales_inquiry,N/A,N/A,CUST33265,AGENT8994,English,excellent,yes,no
call_000955.json,955,account,2025-10-05,10:31:41,45.7,David,positive,False,retention,N/A,N/A,CUST34723,AGENT3358,English,good,no,no
call_000956.json,956,sales,2025-08-14,16:31:31,46.3,James,neutral,N/A,inquiry,False,Mobile Plan,CUST89544,AGENT4665,English,poor,no,yes
call_000957.json,957,technical,2025-10-24,10:14:54,42.0,David,neutral,True,device,N/A,N/A,CUST14375,AGENT8931,English,good,no,no
call_000958.json,958,support,2025-09-01,12:17:45,38.1,Lisa,positive,True,inquiry,N/A,N/A,CUST81364,AGENT5036,English,excellent,yes,no
call_000959.json,959,retention,2025-10-18,17:41:47,47.1,Lisa,negative,True,account,N/A,N/A,CUST77826,AGENT6275,English,excellent,yes,no
call_000960.json,960,technical,2025-10-27,17:21:21,43.3,James,negative,False,account,N/A,N/A,CUST13350,AGENT5012,English,poor,yes,yes
call_000961.json,961,general,2025-09-24,13:03:49,42.7,David,neutral,False,sales_inquiry,N/A,N/A,CUST53053,AGENT3202,English,excellent,no,yes
call_000962.json,962,technical,2025-11-05,13:16:03,43.5,James,negative,False,technical_support,N/A,N/A,CUST21130,AGENT7060,English,fair,no,no
call_000963.json,963,general,2025-10-03,14:16:54,44.5,Lisa,positive,True,technical_support,N/A,N/A,CUST43019,AGENT8568,English,poor,yes,no
call_000964.json,964,retention,2025-10-31,15:16:04,46.1,James,neutral,True,sales_inquiry,N/A,N/A,CUST99622,AGENT5497,English,poor,no,no
call_000965.json,965,sales,2025-08-21,10:17:47,49.9,Mike,negative,N/A,service_quality,False,Add-on Service,CUST74633,AGENT3574,English,poor,no,yes
call_000966.json,966,retention,2025-10-05,10:22:07,48.2,Lisa,neutral,False,inquiry,N/A,N/A,CUST23056,AGENT9814,English,poor,yes,no
call_000967.json,967,sales,2025-08-26,14:31:02,43.2,James,neutral,N/A,service_quality,False,Bundles,CUST46368,AGENT8296,English,poor,no,yes
call_000968.json,968,billing,2025-09-27,12:11:00,45.6,Sarah,neutral,False,technical_support,N/A,N/A,CUST13458,AGENT6594,English,good,yes,no
call_000969.json,969,sales,2025-08-19,17:52:51,43.9,James,negative,N/A,service_quality,True,Broadband,CUST35761,AGENT6904,English,excellent,yes,no
call_000970.json,970,account,2025-09-10,16:03:30,39.8,Emily,positive,False,inquiry,N/A,N/A,CUST76797,AGENT3325,English,good,yes,no
call_000971.json,971,retention,2025-10-27,16:09:35,44.5,Sarah,positive,True,retention,N/A,N/A,CUST88584,AGENT2547,English,fair,no,no
call_000972.json,972,account,2025-08-21,16:40:49,45.2,Robert,positive,True,technical_support,N/A,N/A,CUST17039,AGENT4991,English,excellent,yes,no
call_000973.json,973,technical,2025-09-15,15:10:32,43.4,Jennifer,negative,True,retention,N/A,N/A,CUST72931,AGENT5212,English,poor,no,yes
call_000974.json,974,support,2025-10-17,14:23:28,39.5,Lisa,positive,False,complaint,N/A,N/A,CUST23066,AGENT5769,English,poor,yes,no
call_000975.json,975,billing,2025-08-12,15:13:29,42.7,Sarah,positive,True,account,N/A,N/A,CUST40939,AGENT8881,English,excellent,yes,yes
call_000976.json,976,support,2025-10-30,09:53:35,44.7,Lisa,negative,False,connectivity,N/A,N/A,CUST14265,AGENT5961,English,fair,yes,yes
call_000977.json,977,billing,2025-10-07,08:24:37,46.0,David,positive,False,service_quality,N/A,N/A,CUST96890,AGENT9195,English,poor,yes,no
call_000978.json,978,billing,2025-10-05,10:39:59,41.9,Lisa,positive,True,service_quality,N/A,N/A,CUST28998,AGENT7625,English,poor,yes,yes
call_000979.json,979,retention,2025-10-21,11:38:47,45.9,Robert,positive,True,retention,N/A,N/A,CUST61306,AGENT7735,English,excellent,yes,no
call_000980.json,980,billing,2025-10-18,16:48:14,42.6,Mike,neutral,False,service_quality,N/A,N/A,CUST86833,AGENT2922,English,fair,yes,yes
call_000981.json,981,retention,2025-10-13,14:06:47,47.5,Jennifer,positive,False,connectivity,N/A,N/A,CUST83315,AGENT9842,English,excellent,yes,no
call_000982.json,982,technical,2025-09-22,16:31:12,46.0,Sarah,positive,True,device,N/A,N/A,CUST17944,AGENT3427,English,good,no,no
call_000983.json,983,billing,2025-10-12,13:53:41,46.2,Sarah,negative,True,sales_inquiry,N/A,N/A,CUST10171,AGENT9743,English,poor,yes,no
call_000984.json,984,billing,2025-10-25,17:34:59,41.0,David,neutral,True,technical_support,N/A,N/A,CUST74348,AGENT6380,English,fair,no,yes
call_000985.json,985,account,2025-09-26,08:46:23,39.0,Sarah,negative,True,billing,N/A,N/A,CUST37297,AGENT2972,English,fair,yes,yes
call_000986.json,986,billing,2025-10-14,17:03:24,44.1,Mike,neutral,False,connectivity,N/A,N/A,CUST58099,AGENT7762,English,good,no,yes
call_000987.json,987,technical,2025-10-05,13:26:35,42.2,Mike,positive,True,billing,N/A,N/A,CUST58255,AGENT1519,English,fair,yes,no
call_000988.json,988,technical,2025-09-22,14:32:19,43.5,David,negative,True,retention,N/A,N/A,CUST15256,AGENT9186,English,good,no,yes
call_000989.json,989,retention,2025-08-18,14:53:12,45.6,Jennifer,neutral,False,sales_inquiry,N/A,N/A,CUST70344,AGENT9640,English,good,yes,no
call_000990.json,990,account,2025-08-30,08:33:13,44.9,Emily,positive,False,service_quality,N/A,N/A,CUST83238,AGENT1071,English,fair,no,no
call_000991.json,991,account,2025-08-30,08:53:44,43.5,James,negative,True,account,N/A,N/A,CUST68344,AGENT9585,English,good,no,yes
call_000992.json,992,technical,2025-10-12,08:22:41,44.5,Mike,positive,True,inquiry,N/A,N/A,CUST72599,AGENT7692,English,poor,yes,yes
call_000993.json,993,account,2025-11-02,15:10:08,37.2,Lisa,positive,False,sales_inquiry,N/A,N/A,CUST71889,AGENT5445,English,excellent,no,yes
call_000994.json,994,support,2025-10-01,11:31:41,36.7,Robert,neutral,False,billing,N/A,N/A,CUST50030,AGENT3636,English,poor,yes,no
call_000995.json,995,sales,2025-08-18,10:51:52,47.9,Robert,positive,N/A,connectivity,True,Bundles,CUST94765,AGENT6157,English,good,yes,no
call_000996.json,996,retention,2025-10-22,15:26:58,37.2,James,negative,True,service_quality,N/A,N/A,CUST42138,AGENT6080,English,fair,no,no
call_000997.json,997,sales,2025-09-03,10:48:14,41.1,Emily,negative,N/A,connectivity,False,Device,CUST22972,AGENT7543,English,fair,yes,yes
call_000998.json,998,retention,2025-10-03,09:36:50,44.9,David,negative,False,connectivity,N/A,N/A,CUST63748,AGENT8383,English,excellent,yes,yes
call_000999.json,999,account,2025-09-26,09:41:09,45.2,James,negative,True,account,N/A,N/A,CUST47594,AGENT4351,English,fair,no,yes
call_001000.json,1000,retention,2025-10-07,15:35:32,42.8,James,negative,True,inquiry,N/A,N/A,CUST38496,AGENT8608,English,poor,yes,no
call_001001.json,1001,support,2025-08-22,14:53:53,47.1,Robert,positive,True,account,N/A,N/A,CUST60961,AGENT2783,English,fair,no,no
call_001002.json,1002,billing,2025-08-19,15:36:49,47.3,Mike,negative,False,account,N/A,N/A,CUST19336,AGENT4492,English,fair,no,no
call_001003.json,1003,technical,2025-08-12,08:21:57,35.4,Mike,negative,False,account,N/A,N/A,CUST75004,AGENT7276,English,good,yes,no
call_001004.json,1004,retention,2025-09-22,12:20:43,38.0,Jennifer,negative,False,inquiry,N/A,N/A,CUST95413,AGENT7297,English,good,no,yes
call_001005.json,1005,account,2025-11-07,15:22:37,37.8,Lisa,positive,True,billing,N/A,N/A,CUST45899,AGENT5551,English,fair,no,no
call_001006.json,1006,support,2025-11-02,13:00:27,40.0,Emily,neutral,False,complaint,N/A,N/A,CUST52523,AGENT1344,English,good,yes,yes
call_001007.json,1007,support,2025-11-03,14:25:07,44.4,Lisa,neutral,True,sales_inquiry,N/A,N/A,CUST89154,AGENT1894,English,good,no,no
call_001008.json,1008,support,2025-10-01,15:28:54,39.2,Robert,negative,False,inquiry,N/A,N/A,CUST80668,AGENT9330,English,good,no,yes
call_001009.json,1009,technical,2025-09-29,14:28:48,39.5,Robert,negative,False,complaint,N/A,N/A,CUST18668,AGENT5538,English,excellent,yes,yes
call_001010.json,1010,billing,2025-09-14,17:03:19,44.0,Emily,neutral,False,sales_inquiry,N/A,N/A,CUST50013,AGENT5610,English,fair,yes,no
call_001011.json,1011,retention,2025-09-09,15:43:09,39.5,Mike,neutral,True,inquiry,N/A,N/A,CUST46478,AGENT3673,English,excellent,no,no
call_001012.json,1012,support,2025-08-19,09:39:17,42.4,Sarah,neutral,True,inquiry,N/A,N/A,CUST55381,AGENT9291,English,good,yes,no
call_001013.json,1013,support,2025-09-30,13:30:25,41.1,Sarah,positive,True,inquiry,N/A,N/A,CUST46236,AGENT2632,English,fair,yes,yes
call_001014.json,1014,account,2025-10-12,13:01:00,45.5,Robert,neutral,True,sales_inquiry,N/A,N/A,CUST43951,AGENT6336,English,fair,yes,no
call_001015.json,1015,general,2025-09-12,13:54:01,45.1,Jennifer,negative,False,billing,N/A,N/A,CUST21056,AGENT7063,English,good,yes,no
call_001016.json,1016,retention,2025-09-28,15:44:47,45.1,Sarah,positive,False,technical_support,N/A,N/A,CUST35592,AGENT8974,English,poor,no,no
call_001017.json,1017,billing,2025-09-21,16:12:33,45.3,Mike,positive,True,device,N/A,N/A,CUST90786,AGENT3308,English,excellent,no,yes
call_001018.json,1018,account,2025-11-09,16:56:32,39.5,Emily,positive,True,complaint,N/A,N/A,CUST60279,AGENT1508,English,excellent,yes,yes
call_001019.json,1019,technical,2025-09-06,08:51:19,40.3,Mike,neutral,True,account,N/A,N/A,CUST77171,AGENT5866,English,good,yes,no
call_001020.json,1020,account,2025-11-07,12:11:45,44.0,James,neutral,True,account,N/A,N/A,CUST28422,AGENT9092,English,fair,yes,yes
call_001021.json,1021,account,2025-09-01,08:04:13,35.6,Robert,negative,True,retention,N/A,N/A,CUST14192,AGENT3893,English,excellent,yes,no
call_001022.json,1022,support,2025-08-28,12:24:07,48.5,Mike,neutral,True,retention,N/A,N/A,CUST42014,AGENT1581,English,fair,yes,no
call_001023.json,1023,support,2025-11-08,08:50:35,37.7,David,positive,True,service_quality,N/A,N/A,CUST23365,AGENT7420,English,good,no,no
call_001024.json,1024,billing,2025-08-24,08:25:47,43.7,Sarah,positive,False,connectivity,N/A,N/A,CUST87835,AGENT2836,English,poor,no,yes
call_001025.json,1025,technical,2025-11-06,11:24:50,43.9,Robert,positive,False,technical_support,N/A,N/A,CUST39816,AGENT5658,English,poor,no,no
call_001026.json,1026,support,2025-10-29,08:50:39,46.7,Lisa,neutral,True,connectivity,N/A,N/A,CUST84120,AGENT9531,English,good,no,no
call_001027.json,1027,support,2025-11-05,09:24:15,40.4,Mike,neutral,True,retention,N/A,N/A,CUST90485,AGENT1592,English,fair,no,yes
call_001028.json,1028,account,2025-11-02,09:41:55,44.4,Mike,neutral,False,service_quality,N/A,N/A,CUST42481,AGENT3543,English,fair,no,yes
call_001029.json,1029,account,2025-09-27,11:00:27,44.9,Jennifer,negative,False,retention,N/A,N/A,CUST38745,AGENT1245,English,good,yes,yes
call_001030.json,1030,account,2025-10-09,16:29:51,38.8,Lisa,positive,False,sales_inquiry,N/A,N/A,CUST71711,AGENT4395,English,fair,yes,yes
call_001031.json,1031,general,2025-10-07,09:43:14,40.2,Robert,negative,False,service_quality,N/A,N/A,CUST35060,AGENT1345,English,poor,no,yes
call_001032.json,1032,sales,2025-09-09,09:51:27,39.0,James,neutral,N/A,complaint,False,Add-on Service,CUST28728,AGENT7783,English,excellent,yes,yes
call_001033.json,1033,retention,2025-08-19,16:56:38,47.9,Lisa,neutral,False,service_quality,N/A,N/A,CUST39306,AGENT9991,English,good,yes,yes
call_001034.json,1034,billing,2025-10-16,15:58:08,45.9,Robert,neutral,True,device,N/A,N/A,CUST87263,AGENT4300,English,excellent,no,no
call_001035.json,1035,support,2025-08-13,16:34:15,37.4,David,positive,False,connectivity,N/A,N/A,CUST32925,AGENT2447,English,good,no,no
call_001036.json,1036,support,2025-09-28,17:14:48,40.7,Emily,positive,True,connectivity,N/A,N/A,CUST82896,AGENT3543,English,good,no,yes
call_001037.json,1037,billing,2025-10-31,10:35:56,45.4,Emily,negative,False,connectivity,N/A,N/A,CUST43465,AGENT5830,English,poor,yes,yes
call_001038.json,1038,support,2025-10-12,14:25:59,45.4,David,neutral,True,account,N/A,N/A,CUST98533,AGENT5040,English,poor,no,no
call_001039.json,1039,general,2025-11-02,10:07:30,46.7,Mike,negative,True,complaint,N/A,N/A,CUST32683,AGENT6453,English,excellent,no,yes
call_001040.json,1040,retention,2025-08-22,12:02:10,44.1,Sarah,positive,True,retention,N/A,N/A,CUST58122,AGENT5766,English,good,no,yes
call_001041.json,1041,support,2025-09-19,08:51:44,46.9,Emily,neutral,False,device,N/A,N/A,CUST48441,AGENT5782,English,fair,no,no
call_001042.json,1042,retention,2025-09-30,16:35:02,44.6,Mike,negative,True,service_quality,N/A,N/A,CUST24153,AGENT5737,English,excellent,yes,no
call_001043.json,1043,sales,2025-08-30,15:08:15,47.3,Lisa,negative,N/A,connectivity,True,Mobile Plan,CUST60015,AGENT4436,English,poor,no,no
call_001044.json,1044,general,2025-10-25,10:01:53,39.9,David,neutral,True,inquiry,N/A,N/A,CUST50073,AGENT6480,English,fair,yes,yes
call_001045.json,1045,account,2025-11-03,12:50:18,46.6,Lisa,neutral,False,service_quality,N/A,N/A,CUST71140,AGENT5568,English,good,no,yes
call_001046.json,1046,technical,2025-09-09,15:00:57,45.5,Jennifer,neutral,True,retention,N/A,N/A,CUST56953,AGENT1481,English,excellent,yes,yes
call_001047.json,1047,general,2025-08-23,16:26:19,45.8,Jennifer,neutral,False,connectivity,N/A,N/A,CUST89959,AGENT5142,English,poor,no,no
call_001048.json,1048,general,2025-10-04,13:25:33,47.7,Lisa,negative,True,sales_inquiry,N/A,N/A,CUST91132,AGENT7861,English,excellent,yes,yes
call_001049.json,1049,account,2025-11-07,09:35:17,47.9,Jennifer,positive,False,service_quality,N/A,N/A,CUST52006,AGENT8335,English,poor,no,yes
call_001050.json,1050,technical,2025-09-18,15:43:11,40.8,Jennifer,negative,False,sales_inquiry,N/A,N/A,CUST44119,AGENT5959,English,excellent,yes,yes
call_001051.json,1051,retention,2025-09-30,08:23:44,40.3,Mike,neutral,True,complaint,N/A,N/A,CUST28160,AGENT5266,English,excellent,no,no
call_001052.json,1052,general,2025-11-02,17:10:49,42.8,Lisa,neutral,True,account,N/A,N/A,CUST24085,AGENT6815,English,excellent,no,no
call_001053.json,1053,sales,2025-08-27,13:05:34,48.0,Sarah,neutral,N/A,complaint,True,Device,CUST76645,AGENT6791,English,poor,no,yes
call_001054.json,1054,general,2025-09-04,15:52:21,41.0,Sarah,negative,False,connectivity,N/A,N/A,CUST85991,AGENT1522,English,good,yes,no
call_001055.json,1055,billing,2025-09-08,10:39:43,46.2,Jennifer,positive,False,billing,N/A,N/A,CUST61745,AGENT5139,English,good,no,yes
call_001056.json,1056,retention,2025-09-07,12:04:51,37.9,Emily,neutral,True,sales_inquiry,N/A,N/A,CUST59486,AGENT5387,English,good,yes,no
call_001057.json,1057,support,2025-10-08,15:39:51,37.5,Lisa,positive,False,complaint,N/A,N/A,CUST16093,AGENT2715,English,excellent,no,yes
call_001058.json,1058,retention,2025-11-04,16:00:18,49.8,Robert,neutral,False,technical_support,N/A,N/A,CUST38050,AGENT4171,English,fair,yes,yes
call_001059.json,1059,billing,2025-10-29,15:51:11,34.7,Jennifer,positive,False,sales_inquiry,N/A,N/A,CUST39507,AGENT5066,English,excellent,yes,no
call_001060.json,1060,account,2025-09-17,15:12:52,41.3,Sarah,negative,True,retention,N/A,N/A,CUST25013,AGENT2190,English,excellent,no,yes
call_001061.json,1061,technical,2025-09-21,08:14:46,46.3,Emily,negative,False,device,N/A,N/A,CUST97565,AGENT5082,English,poor,yes,yes
call_001062.json,1062,billing,2025-10-24,17:43:58,48.4,Sarah,negative,False,connectivity,N/A,N/A,CUST66938,AGENT4034,English,excellent,no,no
call_001063.json,1063,technical,2025-10-10,08:39:26,47.2,Sarah,negative,False,service_quality,N/A,N/A,CUST75506,AGENT5938,English,good,yes,yes
call_001064.json,1064,technical,2025-10-27,17:28:55,46.4,David,negative,False,service_quality,N/A,N/A,CUST44240,AGENT8661,English,poor,no,yes
call_001065.json,1065,general,2025-10-02,09:14:34,44.3,Jennifer,neutral,False,account,N/A,N/A,CUST25590,AGENT3929,English,poor,no,yes
call_001066.json,1066,technical,2025-10-28,12:43:49,40.9,David,positive,True,retention,N/A,N/A,CUST39148,AGENT2302,English,good,yes,no
call_001067.json,1067,account,2025-10-20,10:36:40,38.5,Lisa,neutral,True,connectivity,N/A,N/A,CUST62737,AGENT5283,English,excellent,no,no
call_001068.json,1068,account,2025-10-16,15:34:09,42.6,Lisa,positive,True,complaint,N/A,N/A,CUST62074,AGENT9583,English,poor,yes,yes
call_001069.json,1069,support,2025-10-21,16:26:13,41.0,David,positive,True,technical_support,N/A,N/A,CUST80508,AGENT4894,English,fair,yes,no
call_001070.json,1070,sales,2025-11-02,17:19:04,45.6,James,negative,N/A,sales_inquiry,True,Add-on Service,CUST71343,AGENT6369,English,good,yes,yes
call_001071.json,1071,technical,2025-11-07,13:29:51,46.1,Mike,neutral,True,connectivity,N/A,N/A,CUST20529,AGENT9154,English,fair,yes,no
call_001072.json,1072,technical,2025-11-04,14:57:41,44.5,Robert,negative,True,retention,N/A,N/A,CUST28216,AGENT6050,English,fair,no,yes
call_001073.json,1073,account,2025-10-21,10:12:00,44.1,Robert,neutral,True,technical_support,N/A,N/A,CUST83881,AGENT8810,English,fair,no,yes
call_001074.json,1074,sales,2025-10-09,11:18:28,46.5,Emily,negative,N/A,inquiry,False,Device,CUST76809,AGENT6720,English,good,no,no
call_001075.json,1075,billing,2025-08-23,17:29:54,48.0,James,positive,False,retention,N/A,N/A,CUST21419,AGENT2326,English,excellent,yes,no
call_001076.json,1076,technical,2025-11-02,16:18:12,44.4,James,neutral,False,billing,N/A,N/A,CUST91043,AGENT7787,English,fair,yes,yes
call_001077.json,1077,retention,2025-10-14,09:50:33,41.0,James,negative,False,account,N/A,N/A,CUST55685,AGENT6030,English,excellent,yes,yes
call_001078.json,1078,general,2025-10-31,08:24:00,41.8,Lisa,neutral,False,retention,N/A,N/A,CUST60838,AGENT4807,English,fair,no,yes
call_001079.json,1079,sales,2025-10-07,12:34:23,40.7,Lisa,negative,N/A,device,False,Add-on Service,CUST60916,AGENT1840,English,good,yes,no
call_001080.json,1080,billing,2025-09-05,13:37:35,48.8,James,positive,True,billing,N/A,N/A,CUST78919,AGENT3520,English,fair,yes,no
call_001081.json,1081,billing,2025-11-05,14:20:34,47.3,Emily,negative,False,sales_inquiry,N/A,N/A,CUST87430,AGENT9140,English,good,yes,yes
call_001082.json,1082,sales,2025-09-28,12:08:09,45.3,Lisa,positive,N/A,service_quality,False,Add-on Service,CUST87938,AGENT3559,English,good,no,yes
call_001083.json,1083,support,2025-09-08,14:18:03,46.8,Jennifer,positive,True,complaint,N/A,N/A,CUST88129,AGENT8443,English,poor,no,yes
call_001084.json,1084,technical,2025-10-17,12:12:32,36.0,Mike,neutral,True,device,N/A,N/A,CUST18392,AGENT5577,English,poor,yes,yes
call_001085.json,1085,sales,2025-08-11,11:57:55,42.6,Jennifer,positive,N/A,technical_support,True,TV Package,CUST14535,AGENT5580,English,poor,yes,yes
call_001086.json,1086,sales,2025-11-09,16:26:55,39.3,James,neutral,N/A,billing,False,TV Package,CUST83079,AGENT8139,English,fair,no,no
call_001087.json,1087,retention,2025-10-27,09:47:42,44.5,James,neutral,False,connectivity,N/A,N/A,CUST58228,AGENT6817,English,poor,yes,no
call_001088.json,1088,support,2025-10-14,15:04:22,46.5,Jennifer,neutral,False,device,N/A,N/A,CUST44929,AGENT4114,English,excellent,yes,yes
call_001089.json,1089,billing,2025-11-05,09:08:18,45.6,Emily,negative,False,service_quality,N/A,N/A,CUST78643,AGENT1151,English,fair,no,no
call_001090.json,1090,sales,2025-10-14,09:01:51,39.0,Mike,positive,N/A,technical_support,False,Device,CUST58558,AGENT1152,English,good,yes,no
call_001091.json,1091,retention,2025-10-08,11:48:23,48.2,James,negative,False,inquiry,N/A,N/A,CUST35271,AGENT5313,English,excellent,yes,no
call_001092.json,1092,support,2025-10-28,08:59:59,42.5,Emily,neutral,False,inquiry,N/A,N/A,CUST95837,AGENT4892,English,excellent,yes,no
call_001093.json,1093,general,2025-09-16,12:41:11,38.0,Sarah,positive,True,retention,N/A,N/A,CUST41830,AGENT9725,English,poor,no,no
call_001094.json,1094,billing,2025-10-18,08:35:11,47.1,Mike,positive,True,account,N/A,N/A,CUST66658,AGENT7313,English,excellent,no,yes
call_001095.json,1095,support,2025-10-14,11:52:37,42.8,Mike,neutral,False,inquiry,N/A,N/A,CUST94957,AGENT6676,English,excellent,no,no
call_001096.json,1096,retention,2025-11-03,13:00:44,43.4,Emily,negative,True,device,N/A,N/A,CUST88148,AGENT1693,English,poor,no,yes
call_001097.json,1097,account,2025-09-13,13:41:42,42.3,Mike,negative,True,device,N/A,N/A,CUST33247,AGENT6279,English,excellent,yes,no
call_001098.json,1098,support,2025-10-09,10:51:55,45.6,David,negative,False,connectivity,N/A,N/A,CUST75900,AGENT3494,English,good,no,yes
call_001099.json,1099,general,2025-10-27,08:21:17,43.0,Emily,positive,True,connectivity,N/A,N/A,CUST32200,AGENT7251,English,excellent,yes,no
call_001100.json,1100,general,2025-09-14,11:24:49,44.9,Emily,neutral,False,connectivity,N/A,N/A,CUST91327,AGENT2014,English,fair,no,no
call_001101.json,1101,sales,2025-10-29,08:24:57,46.4,James,negative,N/A,sales_inquiry,False,Bundles,CUST51594,AGENT9284,English,poor,yes,no
call_001102.json,1102,sales,2025-10-12,09:22:42,48.0,Robert,neutral,N/A,account,False,Bundles,CUST12904,AGENT8854,English,excellent,no,yes
call_001103.json,1103,account,2025-09-26,08:29:51,46.3,Sarah,neutral,True,service_quality,N/A,N/A,CUST39146,AGENT9623,English,good,yes,yes
call_001104.json,1104,account,2025-10-29,14:47:14,36.9,Robert,negative,True,device,N/A,N/A,CUST90716,AGENT6177,English,poor,no,yes
call_001105.json,1105,retention,2025-08-15,13:59:38,44.5,Lisa,negative,True,sales_inquiry,N/A,N/A,CUST26568,AGENT8309,English,good,no,no
call_001106.json,1106,technical,2025-08-28,11:38:28,43.1,Emily,neutral,False,technical_support,N/A,N/A,CUST91287,AGENT6865,English,fair,yes,no
call_001107.json,1107,retention,2025-08-18,12:14:01,43.4,Lisa,negative,False,device,N/A,N/A,CUST86415,AGENT8637,English,good,no,no
call_001108.json,1108,billing,2025-09-02,09:21:56,41.8,Jennifer,neutral,False,sales_inquiry,N/A,N/A,CUST26068,AGENT7613,English,good,yes,no
call_001109.json,1109,sales,2025-09-11,17:40:40,46.7,Emily,neutral,N/A,device,True,TV Package,CUST26509,AGENT5221,English,poor,no,no
call_001110.json,1110,technical,2025-09-26,13:33:11,37.0,Sarah,negative,True,device,N/A,N/A,CUST18678,AGENT2855,English,fair,yes,no
call_001111.json,1111,support,2025-08-25,09:18:37,46.0,Sarah,neutral,True,inquiry,N/A,N/A,CUST97624,AGENT6868,English,poor,no,yes
call_001112.json,1112,sales,2025-08-29,10:40:01,45.9,Mike,negative,N/A,sales_inquiry,False,Broadband,CUST13017,AGENT5501,English,good,no,yes
call_001113.json,1113,account,2025-10-30,14:35:48,41.4,Jennifer,positive,True,connectivity,N/A,N/A,CUST92322,AGENT7361,English,excellent,yes,yes
call_001114.json,1114,billing,2025-10-30,15:38:47,39.4,Sarah,positive,False,billing,N/A,N/A,CUST88160,AGENT7208,English,excellent,yes,yes
call_001115.json,1115,technical,2025-11-02,08:54:37,42.3,Lisa,positive,True,sales_inquiry,N/A,N/A,CUST14374,AGENT2909,English,fair,yes,no
call_001116.json,1116,sales,2025-08-19,17:04:44,48.8,Sarah,neutral,N/A,sales_inquiry,True,Broadband,CUST62478,AGENT9152,English,poor,yes,no
call_001117.json,1117,sales,2025-08-13,12:33:22,45.0,Mike,negative,N/A,account,True,Device,CUST18067,AGENT8486,English,fair,no,yes
call_001118.json,1118,general,2025-10-19,13:20:56,40.8,David,neutral,False,account,N/A,N/A,CUST84997,AGENT7310,English,good,no,no
call_001119.json,1119,technical,2025-09-18,09:08:07,38.2,Mike,neutral,False,sales_inquiry,N/A,N/A,CUST64123,AGENT5891,English,excellent,yes,yes
call_001120.json,1120,support,2025-10-06,10:33:41,45.4,Mike,positive,True,billing,N/A,N/A,CUST67146,AGENT9903,English,good,no,yes
call_001121.json,1121,billing,2025-10-24,16:19:09,47.0,James,neutral,True,service_quality,N/A,N/A,CUST78746,AGENT8856,English,good,yes,yes
call_001122.json,1122,support,2025-10-04,14:19:53,39.8,Jennifer,negative,False,service_quality,N/A,N/A,CUST34237,AGENT2370,English,fair,yes,no
call_001123.json,1123,retention,2025-10-03,17:39:24,44.4,James,negative,False,retention,N/A,N/A,CUST32006,AGENT8327,English,poor,yes,yes
call_001124.json,1124,account,2025-10-26,14:57:04,39.0,Emily,negative,True,sales_inquiry,N/A,N/A,CUST63230,AGENT8727,English,fair,no,no
call_001125.json,1125,account,2025-10-05,15:41:35,45.8,James,positive,False,retention,N/A,N/A,CUST55402,AGENT1422,English,excellent,no,no
call_001126.json,1126,retention,2025-08-19,11:18:52,44.9,Mike,positive,False,retention,N/A,N/A,CUST70771,AGENT5722,English,poor,no,no
call_001127.json,1127,billing,2025-11-07,09:31:12,46.8,Jennifer,neutral,False,billing,N/A,N/A,CUST44365,AGENT2709,English,good,no,yes
call_001128.json,1128,billing,2025-10-31,08:26:18,39.6,Jennifer,positive,False,inquiry,N/A,N/A,CUST63191,AGENT1687,English,poor,yes,no
call_001129.json,1129,billing,2025-09-28,16:33:16,48.0,Jennifer,negative,False,service_quality,N/A,N/A,CUST97745,AGENT6754,English,good,yes,no
call_001130.json,1130,billing,2025-08-15,11:17:57,42.1,Lisa,positive,False,device,N/A,N/A,CUST33526,AGENT1537,English,poor,yes,no
call_001131.json,1131,sales,2025-10-19,10:13:29,46.2,Mike,negative,N/A,retention,False,Broadband,CUST53964,AGENT1724,English,fair,no,yes
call_001132.json,1132,technical,2025-08-23,14:42:48,40.3,David,negative,True,technical_support,N/A,N/A,CUST44542,AGENT5812,English,excellent,yes,no
call_001133.json,1133,sales,2025-10-31,09:04:52,42.7,James,neutral,N/A,retention,True,TV Package,CUST76673,AGENT6517,English,excellent,yes,no
call_001134.json,1134,account,2025-10-10,12:03:32,44.2,Jennifer,negative,False,account,N/A,N/A,CUST35494,AGENT8731,English,good,no,yes
call_001135.json,1135,billing,2025-10-04,15:52:11,45.7,Jennifer,neutral,True,retention,N/A,N/A,CUST84545,AGENT4730,English,good,yes,no
call_001136.json,1136,retention,2025-09-06,08:38:34,43.8,Lisa,negative,True,complaint,N/A,N/A,CUST18178,AGENT5305,English,excellent,yes,yes
call_001137.json,1137,technical,2025-08-12,09:27:00,40.8,Jennifer,neutral,False,complaint,N/A,N/A,CUST62295,AGENT3842,English,fair,no,yes
call_001138.json,1138,sales,2025-08-16,16:21:57,46.9,David,negative,N/A,billing,True,Add-on Service,CUST59573,AGENT8505,English,poor,no,no
call_001139.json,1139,account,2025-09-11,15:48:17,43.1,Mike,negative,False,service_quality,N/A,N/A,CUST29387,AGENT3967,English,good,yes,yes
call_001140.json,1140,retention,2025-09-16,11:43:45,39.4,Lisa,positive,False,service_quality,N/A,N/A,CUST39513,AGENT2072,English,poor,yes,yes
call_001141.json,1141,technical,2025-08-15,16:26:36,44.0,David,positive,True,billing,N/A,N/A,CUST83949,AGENT9425,English,excellent,no,yes
call_001142.json,1142,billing,2025-09-23,11:51:04,44.5,Lisa,negative,False,device,N/A,N/A,CUST24158,AGENT8428,English,fair,yes,no
call_001143.json,1143,account,2025-09-28,13:51:00,39.5,James,positive,False,service_quality,N/A,N/A,CUST61261,AGENT2684,English,poor,yes,no
call_001144.json,1144,retention,2025-10-14,10:39:39,47.9,David,negative,False,sales_inquiry,N/A,N/A,CUST73726,AGENT9384,English,good,no,yes
call_001145.json,1145,billing,2025-09-23,08:27:42,43.8,Robert,negative,False,inquiry,N/A,N/A,CUST78337,AGENT6519,English,good,no,no
call_001146.json,1146,sales,2025-09-23,10:47:42,45.7,Sarah,negative,N/A,retention,True,TV Package,CUST93442,AGENT8622,English,excellent,yes,no
call_001147.json,1147,billing,2025-09-05,10:36:09,37.4,James,neutral,False,device,N/A,N/A,CUST16900,AGENT3351,English,fair,yes,yes
call_001148.json,1148,account,2025-10-11,11:13:52,46.7,Sarah,positive,False,account,N/A,N/A,CUST93171,AGENT9913,English,fair,no,no
call_001149.json,1149,support,2025-08-11,15:07:35,46.3,Sarah,positive,True,device,N/A,N/A,CUST23090,AGENT9705,English,good,yes,no
call_001150.json,1150,retention,2025-09-16,12:17:42,42.8,Sarah,neutral,True,billing,N/A,N/A,CUST19110,AGENT4100,English,fair,no,no
call_001151.json,1151,retention,2025-09-09,11:14:13,43.3,Jennifer,negative,True,complaint,N/A,N/A,CUST34158,AGENT8285,English,poor,no,yes
call_001152.json,1152,general,2025-09-11,08:12:43,41.4,Lisa,negative,False,device,N/A,N/A,CUST32290,AGENT2682,English,poor,no,no
call_001153.json,1153,account,2025-09-07,17:27:49,43.5,Sarah,positive,True,account,N/A,N/A,CUST37243,AGENT1378,English,good,yes,no
call_001154.json,1154,support,2025-10-14,15:27:54,46.5,James,neutral,False,account,N/A,N/A,CUST69225,AGENT3873,English,fair,no,no
call_001155.json,1155,general,2025-11-09,12:55:10,39.9,Robert,negative,False,sales_inquiry,N/A,N/A,CUST44385,AGENT7191,English,poor,no,yes
call_001156.json,1156,general,2025-09-22,11:20:46,44.3,Sarah,neutral,True,billing,N/A,N/A,CUST48488,AGENT9380,English,poor,no,no
call_001157.json,1157,retention,2025-08-28,08:04:35,46.7,Mike,neutral,True,billing,N/A,N/A,CUST75082,AGENT5946,English,poor,yes,yes
call_001158.json,1158,support,2025-10-02,10:01:43,39.4,Mike,neutral,False,complaint,N/A,N/A,CUST48588,AGENT2471,English,good,no,no
call_001159.json,1159,billing,2025-08-25,13:49:50,40.0,Sarah,neutral,False,technical_support,N/A,N/A,CUST87066,AGENT6971,English,good,no,no
call_001160.json,1160,retention,2025-10-07,17:16:56,45.3,Sarah,negative,True,account,N/A,N/A,CUST83723,AGENT6670,English,poor,yes,yes
call_001161.json,1161,technical,2025-10-28,10:31:32,37.7,Robert,negative,False,retention,N/A,N/A,CUST88865,AGENT7819,English,good,yes,no
call_001162.json,1162,general,2025-08-26,08:00:45,40.2,Sarah,negative,True,device,N/A,N/A,CUST77005,AGENT5827,English,good,yes,no
call_001163.json,1163,general,2025-08-23,15:39:26,42.6,Mike,neutral,True,complaint,N/A,N/A,CUST58236,AGENT5714,English,poor,yes,yes
call_001164.json,1164,support,2025-08-27,13:01:37,41.4,Emily,neutral,True,device,N/A,N/A,CUST83848,AGENT2353,English,fair,no,no
call_001165.json,1165,billing,2025-10-20,13:08:45,48.7,Lisa,negative,False,complaint,N/A,N/A,CUST76952,AGENT9751,English,poor,no,no
call_001166.json,1166,billing,2025-09-03,11:17:48,42.3,Sarah,negative,True,billing,N/A,N/A,CUST34384,AGENT5718,English,poor,yes,yes
call_001167.json,1167,sales,2025-09-23,09:46:03,46.2,James,positive,N/A,complaint,True,Mobile Plan,CUST78592,AGENT6679,English,excellent,yes,yes
call_001168.json,1168,general,2025-11-05,08:39:41,43.8,Lisa,positive,True,billing,N/A,N/A,CUST99219,AGENT8529,English,good,yes,no
call_001169.json,1169,sales,2025-08-17,10:30:48,45.0,David,positive,N/A,device,False,Device,CUST46828,AGENT5765,English,fair,yes,yes
call_001170.json,1170,technical,2025-09-23,09:01:02,41.7,Emily,negative,True,connectivity,N/A,N/A,CUST38259,AGENT7323,English,poor,no,no
call_001171.json,1171,general,2025-10-26,09:08:38,40.3,Lisa,positive,True,complaint,N/A,N/A,CUST14100,AGENT4368,English,excellent,yes,yes
call_001172.json,1172,technical,2025-10-14,15:10:16,43.6,Jennifer,positive,False,sales_inquiry,N/A,N/A,CUST65592,AGENT8403,English,poor,yes,yes
call_001173.json,1173,technical,2025-10-12,09:06:27,40.4,James,neutral,False,connectivity,N/A,N/A,CUST26103,AGENT6701,English,poor,no,yes
call_001174.json,1174,account,2025-09-09,12:08:22,45.6,Robert,positive,True,service_quality,N/A,N/A,CUST31236,AGENT1947,English,fair,yes,no
call_001175.json,1175,account,2025-08-15,10:51:18,45.7,Jennifer,neutral,False,sales_inquiry,N/A,N/A,CUST73220,AGENT2163,English,good,no,no
call_001176.json,1176,sales,2025-10-20,17:53:42,39.3,David,neutral,N/A,service_quality,True,Device,CUST19303,AGENT1939,English,good,no,no
call_001177.json,1177,billing,2025-08-23,10:31:19,47.3,Sarah,neutral,False,sales_inquiry,N/A,N/A,CUST16200,AGENT2381,English,excellent,yes,no
call_001178.json,1178,retention,2025-09-20,16:53:13,40.0,James,neutral,True,inquiry,N/A,N/A,CUST15483,AGENT6220,English,excellent,yes,yes
call_001179.json,1179,general,2025-08-26,13:32:40,41.7,Mike,negative,False,sales_inquiry,N/A,N/A,CUST25930,AGENT8088,English,poor,yes,yes
call_001180.json,1180,support,2025-10-09,13:11:14,47.6,James,positive,False,billing,N/A,N/A,CUST96437,AGENT8584,English,fair,no,no
call_001181.json,1181,technical,2025-09-17,14:55:28,37.2,Mike,negative,True,sales_inquiry,N/A,N/A,CUST32889,AGENT7198,English,excellent,yes,no
call_001182.json,1182,retention,2025-09-11,11:09:59,47.6,Lisa,negative,False,device,N/A,N/A,CUST71399,AGENT7186,English,poor,no,no
call_001183.json,1183,general,2025-09-28,11:13:22,38.1,Lisa,positive,True,sales_inquiry,N/A,N/A,CUST64687,AGENT9432,English,good,yes,no
call_001184.json,1184,general,2025-10-09,17:17:10,42.3,Robert,neutral,True,complaint,N/A,N/A,CUST19608,AGENT2853,English,fair,no,no
call_001185.json,1185,billing,2025-08-29,12:09:28,37.8,Sarah,negative,True,sales_inquiry,N/A,N/A,CUST92379,AGENT4091,English,excellent,yes,no
call_001186.json,1186,general,2025-09-06,09:26:31,42.2,David,positive,True,service_quality,N/A,N/A,CUST27611,AGENT9850,English,fair,no,yes
call_001187.json,1187,billing,2025-09-10,15:33:20,44.0,Lisa,negative,True,service_quality,N/A,N/A,CUST58727,AGENT4420,English,excellent,no,no
call_001188.json,1188,retention,2025-09-08,08:07:14,48.0,Emily,neutral,False,billing,N/A,N/A,CUST25331,AGENT2024,English,poor,no,yes
call_001189.json,1189,technical,2025-10-20,15:13:39,44.1,David,negative,True,sales_inquiry,N/A,N/A,CUST46781,AGENT4262,English,good,yes,no
call_001190.json,1190,support,2025-08-28,11:13:06,42.2,Jennifer,positive,False,billing,N/A,N/A,CUST21423,AGENT6240,English,poor,no,no
call_001191.json,1191,support,2025-09-29,12:19:59,46.4,Jennifer,neutral,True,account,N/A,N/A,CUST13886,AGENT1065,English,poor,no,no
call_001192.json,1192,general,2025-11-04,14:36:41,44.9,James,negative,False,technical_support,N/A,N/A,CUST12527,AGENT9447,English,fair,yes,no
call_001193.json,1193,support,2025-10-13,17:40:41,42.2,Sarah,neutral,True,device,N/A,N/A,CUST72489,AGENT2330,English,excellent,yes,yes
call_001194.json,1194,account,2025-09-08,11:04:13,42.1,James,negative,True,billing,N/A,N/A,CUST90516,AGENT8551,English,fair,yes,yes
call_001195.json,1195,sales,2025-10-11,13:01:12,41.7,Robert,positive,N/A,account,True,Bundles,CUST47126,AGENT7590,English,excellent,no,no
call_001196.json,1196,account,2025-09-01,14:20:44,42.6,Emily,negative,False,sales_inquiry,N/A,N/A,CUST91219,AGENT8025,English,good,no,no
call_001197.json,1197,billing,2025-08-14,15:29:16,48.0,James,neutral,False,service_quality,N/A,N/A,CUST22446,AGENT1548,English,fair,yes,no
call_001198.json,1198,support,2025-08-19,17:29:33,46.9,Mike,negative,True,complaint,N/A,N/A,CUST77107,AGENT5989,English,fair,no,no
call_001199.json,1199,technical,2025-09-28,08:41:14,45.3,James,positive,False,connectivity,N/A,N/A,CUST51530,AGENT3290,English,fair,yes,yes
call_001200.json,1200,billing,2025-08-29,15:26:31,41.4,Jennifer,positive,False,sales_inquiry,N/A,N/A,CUST29967,AGENT2860,English,good,no,no
call_001201.json,1201,retention,2025-10-09,15:46:15,49.4,Robert,neutral,True,account,N/A,N/A,CUST20174,AGENT4351,English,fair,yes,no
call_001202.json,1202,support,2025-09-17,11:05:14,50.5,Lisa,negative,True,device,N/A,N/A,CUST45895,AGENT1989,English,fair,no,yes
call_001203.json,1203,account,2025-09-07,14:46:47,42.4,Emily,negative,False,retention,N/A,N/A,CUST10136,AGENT9019,English,excellent,yes,yes
call_001204.json,1204,sales,2025-08-27,10:10:24,41.9,James,negative,N/A,complaint,False,Device,CUST62777,AGENT9211,English,poor,yes,yes
call_001205.json,1205,technical,2025-11-09,17:17:53,37.4,Robert,neutral,True,technical_support,N/A,N/A,CUST58479,AGENT8266,English,good,yes,no
call_001206.json,1206,general,2025-10-15,11:33:28,46.3,Jennifer,negative,False,sales_inquiry,N/A,N/A,CUST82602,AGENT9394,English,good,no,yes
call_001207.json,1207,billing,2025-10-18,17:58:53,40.4,Mike,neutral,False,inquiry,N/A,N/A,CUST55989,AGENT1942,English,poor,no,yes
call_001208.json,1208,retention,2025-10-23,14:07:03,49.6,Jennifer,neutral,True,account,N/A,N/A,CUST41668,AGENT3480,English,fair,no,no
call_001209.json,1209,sales,2025-11-08,08:37:39,47.1,Emily,neutral,N/A,inquiry,True,Device,CUST76972,AGENT8024,English,poor,yes,no
call_001210.json,1210,retention,2025-10-30,13:59:15,43.9,Robert,negative,False,account,N/A,N/A,CUST14474,AGENT1171,English,good,no,yes
call_001211.json,1211,sales,2025-08-23,17:43:05,39.3,James,neutral,N/A,technical_support,False,Add-on Service,CUST57965,AGENT9679,English,fair,yes,yes
call_001212.json,1212,general,2025-08-17,14:38:23,50.3,Jennifer,neutral,False,billing,N/A,N/A,CUST11706,AGENT8067,English,good,no,yes
call_001213.json,1213,retention,2025-10-16,09:36:06,45.5,Mike,positive,False,device,N/A,N/A,CUST95539,AGENT7691,English,excellent,no,no
call_001214.json,1214,retention,2025-10-01,12:40:25,48.9,Emily,neutral,False,billing,N/A,N/A,CUST57279,AGENT1172,English,excellent,yes,yes
call_001215.json,1215,billing,2025-08-29,14:51:54,45.5,Sarah,neutral,True,connectivity,N/A,N/A,CUST87658,AGENT3043,English,excellent,yes,no
call_001216.json,1216,technical,2025-09-02,08:13:19,39.7,Lisa,neutral,False,sales_inquiry,N/A,N/A,CUST38425,AGENT4212,English,good,no,no
call_001217.json,1217,retention,2025-09-12,17:58:45,43.5,Jennifer,neutral,True,service_quality,N/A,N/A,CUST91162,AGENT2746,English,fair,yes,no
call_001218.json,1218,retention,2025-10-24,11:57:51,45.2,Mike,neutral,False,complaint,N/A,N/A,CUST23406,AGENT8010,English,good,yes,no
call_001219.json,1219,technical,2025-10-01,15:53:36,45.4,Lisa,negative,True,account,N/A,N/A,CUST68407,AGENT3798,English,good,yes,yes
call_001220.json,1220,technical,2025-11-02,14:07:32,43.3,Emily,positive,True,account,N/A,N/A,CUST47901,AGENT5301,English,good,no,yes
call_001221.json,1221,support,2025-10-28,12:27:43,46.2,Sarah,negative,False,billing,N/A,N/A,CUST59754,AGENT5895,English,excellent,no,no
call_001222.json,1222,sales,2025-09-20,14:46:04,47.5,David,neutral,N/A,complaint,True,TV Package,CUST16502,AGENT9767,English,fair,yes,yes
call_001223.json,1223,technical,2025-10-23,15:11:10,42.8,Lisa,negative,False,account,N/A,N/A,CUST75043,AGENT4636,English,poor,no,yes
call_001224.json,1224,billing,2025-11-02,14:52:03,40.4,David,positive,True,connectivity,N/A,N/A,CUST89962,AGENT8510,English,good,no,no
call_001225.json,1225,support,2025-08-30,17:10:09,49.9,Robert,positive,False,technical_support,N/A,N/A,CUST18361,AGENT8906,English,fair,no,no
call_001226.json,1226,sales,2025-09-12,12:36:32,45.4,Lisa,negative,N/A,complaint,True,Broadband,CUST92405,AGENT4785,English,poor,yes,yes
call_001227.json,1227,billing,2025-10-27,10:13:37,39.1,Jennifer,neutral,True,technical_support,N/A,N/A,CUST57630,AGENT2746,English,good,yes,no
call_001228.json,1228,account,2025-08-24,09:13:11,44.2,David,positive,False,sales_inquiry,N/A,N/A,CUST80350,AGENT5890,English,good,yes,yes
call_001229.json,1229,retention,2025-08-22,17:48:39,45.5,Emily,positive,False,complaint,N/A,N/A,CUST66831,AGENT9336,English,excellent,no,yes
call_001230.json,1230,technical,2025-10-14,11:10:56,44.6,Emily,neutral,True,retention,N/A,N/A,CUST14490,AGENT3139,English,poor,no,no
call_001231.json,1231,account,2025-10-14,08:42:49,41.5,Emily,negative,True,device,N/A,N/A,CUST70417,AGENT6415,English,poor,yes,no
call_001232.json,1232,account,2025-08-22,17:07:20,42.3,Emily,negative,False,billing,N/A,N/A,CUST49581,AGENT2701,English,fair,yes,no
call_001233.json,1233,general,2025-10-30,15:18:45,44.8,Sarah,negative,False,service_quality,N/A,N/A,CUST28118,AGENT7019,English,good,no,no
call_001234.json,1234,general,2025-10-10,09:28:03,46.9,Jennifer,neutral,False,device,N/A,N/A,CUST97911,AGENT6739,English,good,yes,no
call_001235.json,1235,account,2025-09-25,09:38:26,43.3,James,positive,True,complaint,N/A,N/A,CUST39727,AGENT5762,English,fair,yes,yes
call_001236.json,1236,technical,2025-09-29,11:53:19,46.0,Emily,positive,True,complaint,N/A,N/A,CUST96500,AGENT6259,English,good,no,yes
call_001237.json,1237,retention,2025-09-07,08:12:41,42.8,Lisa,negative,True,service_quality,N/A,N/A,CUST84858,AGENT2884,English,fair,yes,yes
call_001238.json,1238,retention,2025-10-29,11:13:14,46.2,Robert,positive,False,device,N/A,N/A,CUST73987,AGENT3209,English,excellent,no,yes
call_001239.json,1239,sales,2025-10-30,08:36:58,47.6,Emily,negative,N/A,sales_inquiry,False,Device,CUST60139,AGENT2145,English,fair,yes,yes
call_001240.json,1240,sales,2025-11-05,15:09:09,45.7,Robert,neutral,N/A,account,True,Mobile Plan,CUST15991,AGENT4353,English,good,no,yes
call_001241.json,1241,sales,2025-11-06,14:09:52,49.8,David,negative,N/A,connectivity,True,Broadband,CUST60085,AGENT9648,English,excellent,no,no
call_001242.json,1242,general,2025-09-27,08:55:18,39.7,Mike,negative,True,service_quality,N/A,N/A,CUST41332,AGENT3798,English,poor,yes,yes
call_001243.json,1243,account,2025-08-16,12:04:02,40.9,Sarah,positive,False,account,N/A,N/A,CUST72368,AGENT7732,English,good,yes,no
call_001244.json,1244,general,2025-09-27,16:49:54,47.3,Robert,negative,False,technical_support,N/A,N/A,CUST99803,AGENT2978,English,excellent,no,yes
call_001245.json,1245,support,2025-09-11,16:49:43,41.7,Sarah,positive,False,retention,N/A,N/A,CUST21748,AGENT9933,English,excellent,yes,yes
call_001246.json,1246,billing,2025-08-21,17:18:09,38.6,James,negative,False,technical_support,N/A,N/A,CUST83743,AGENT7761,English,good,no,yes
call_001247.json,1247,general,2025-10-24,16:19:49,40.1,Sarah,positive,False,complaint,N/A,N/A,CUST19287,AGENT9386,English,excellent,no,no
call_001248.json,1248,account,2025-09-14,08:44:51,40.8,Jennifer,positive,True,sales_inquiry,N/A,N/A,CUST65506,AGENT9634,English,poor,yes,no
call_001249.json,1249,sales,2025-09-12,09:05:52,41.8,Mike,negative,N/A,billing,True,Bundles,CUST28395,AGENT1638,English,poor,yes,yes
call_001250.json,1250,account,2025-10-16,08:52:16,47.0,Sarah,negative,False,account,N/A,N/A,CUST46734,AGENT3376,English,good,no,no
call_001251.json,1251,sales,2025-09-11,17:36:00,44.9,Jennifer,positive,N/A,service_quality,False,Mobile Plan,CUST61237,AGENT4160,English,poor,yes,yes
call_001252.json,1252,account,2025-09-01,09:42:40,45.1,David,negative,False,service_quality,N/A,N/A,CUST22620,AGENT3265,English,fair,no,yes
call_001253.json,1253,general,2025-08-22,16:54:19,40.4,James,neutral,True,account,N/A,N/A,CUST82365,AGENT3858,English,excellent,no,yes
call_001254.json,1254,billing,2025-09-21,16:26:06,47.8,Emily,positive,False,retention,N/A,N/A,CUST70358,AGENT4083,English,excellent,no,yes
call_001255.json,1255,account,2025-10-02,12:04:22,42.7,Mike,negative,False,sales_inquiry,N/A,N/A,CUST60100,AGENT4903,English,excellent,no,no
call_001256.json,1256,sales,2025-09-11,15:58:23,40.2,James,neutral,N/A,sales_inquiry,False,Add-on Service,CUST74426,AGENT8796,English,fair,no,no
call_001257.json,1257,general,2025-08-18,17:42:35,36.9,Robert,positive,False,technical_support,N/A,N/A,CUST21953,AGENT7529,English,fair,yes,yes
call_001258.json,1258,retention,2025-09-04,14:28:42,45.9,James,positive,True,service_quality,N/A,N/A,CUST32900,AGENT1150,English,fair,yes,no
call_001259.json,1259,technical,2025-10-27,15:00:51,42.7,Lisa,neutral,True,technical_support,N/A,N/A,CUST84274,AGENT4881,English,poor,no,yes
call_001260.json,1260,support,2025-08-25,16:03:02,41.5,Robert,neutral,False,complaint,N/A,N/A,CUST43294,AGENT8255,English,fair,no,no
call_001261.json,1261,technical,2025-09-10,09:57:41,46.9,James,positive,True,account,N/A,N/A,CUST71110,AGENT1873,English,good,no,no
call_001262.json,1262,technical,2025-11-04,17:11:29,36.5,Lisa,neutral,False,service_quality,N/A,N/A,CUST86796,AGENT5025,English,excellent,yes,yes
call_001263.json,1263,sales,2025-10-04,11:10:27,42.5,Jennifer,positive,N/A,retention,True,Mobile Plan,CUST43631,AGENT9715,English,fair,no,no
call_001264.json,1264,retention,2025-09-24,16:32:39,38.4,David,positive,False,complaint,N/A,N/A,CUST35617,AGENT3759,English,good,yes,no
call_001265.json,1265,account,2025-09-08,11:07:43,41.1,Mike,neutral,False,connectivity,N/A,N/A,CUST27107,AGENT5890,English,good,no,no
call_001266.json,1266,billing,2025-09-14,10:59:54,44.6,Emily,positive,True,complaint,N/A,N/A,CUST81742,AGENT1508,English,poor,yes,no
call_001267.json,1267,technical,2025-11-02,13:15:08,45.4,Lisa,negative,False,device,N/A,N/A,CUST15572,AGENT9876,English,good,no,no
call_001268.json,1268,general,2025-09-16,08:11:29,37.7,Sarah,negative,True,account,N/A,N/A,CUST25875,AGENT7958,English,excellent,yes,no
call_001269.json,1269,support,2025-11-09,08:53:44,52.0,Jennifer,negative,False,billing,N/A,N/A,CUST37751,AGENT8267,English,fair,yes,no
call_001270.json,1270,account,2025-11-03,08:01:56,43.4,Lisa,neutral,True,technical_support,N/A,N/A,CUST88440,AGENT2413,English,excellent,no,yes
call_001271.json,1271,retention,2025-08-31,10:12:31,46.3,Lisa,neutral,False,connectivity,N/A,N/A,CUST97201,AGENT9806,English,fair,no,no
call_001272.json,1272,technical,2025-10-17,15:36:14,39.2,Robert,positive,True,billing,N/A,N/A,CUST92185,AGENT1623,English,good,no,yes
call_001273.json,1273,retention,2025-08-13,14:12:07,44.9,James,neutral,True,service_quality,N/A,N/A,CUST85792,AGENT3205,English,poor,yes,no
call_001274.json,1274,support,2025-11-04,16:33:22,44.5,James,neutral,True,account,N/A,N/A,CUST48045,AGENT9951,English,good,yes,yes
call_001275.json,1275,technical,2025-08-21,17:04:32,43.6,Jennifer,neutral,False,service_quality,N/A,N/A,CUST93733,AGENT9658,English,excellent,yes,yes
call_001276.json,1276,support,2025-09-04,12:27:35,49.5,Sarah,positive,True,inquiry,N/A,N/A,CUST22931,AGENT7116,English,good,yes,no
call_001277.json,1277,billing,2025-08-28,17:55:10,46.4,James,neutral,True,retention,N/A,N/A,CUST69377,AGENT1439,English,poor,no,no
call_001278.json,1278,technical,2025-09-06,14:52:21,45.7,Lisa,negative,True,retention,N/A,N/A,CUST16841,AGENT8319,English,good,no,no
call_001279.json,1279,general,2025-11-05,15:38:46,44.8,Emily,positive,True,inquiry,N/A,N/A,CUST18969,AGENT1166,English,poor,yes,yes
call_001280.json,1280,retention,2025-10-08,09:26:59,38.1,Mike,neutral,True,device,N/A,N/A,CUST92724,AGENT7419,English,poor,yes,no
call_001281.json,1281,support,2025-08-27,14:02:20,41.4,Emily,positive,True,connectivity,N/A,N/A,CUST35008,AGENT6119,English,poor,yes,yes
call_001282.json,1282,technical,2025-09-28,08:03:28,46.5,David,neutral,False,service_quality,N/A,N/A,CUST44329,AGENT4420,English,fair,yes,no
call_001283.json,1283,general,2025-10-31,16:17:02,45.4,Sarah,positive,True,sales_inquiry,N/A,N/A,CUST37349,AGENT3513,English,fair,no,no
call_001284.json,1284,support,2025-08-27,11:08:55,46.3,David,positive,True,complaint,N/A,N/A,CUST66163,AGENT6919,English,poor,yes,yes
call_001285.json,1285,retention,2025-08-11,13:36:07,47.6,Jennifer,negative,True,account,N/A,N/A,CUST37468,AGENT6920,English,good,yes,no
call_001286.json,1286,sales,2025-08-12,15:56:14,43.4,Robert,neutral,N/A,device,True,Mobile Plan,CUST31283,AGENT4566,English,good,yes,no
call_001287.json,1287,sales,2025-09-29,10:48:22,42.9,Emily,positive,N/A,account,False,TV Package,CUST33146,AGENT5042,English,good,no,no
call_001288.json,1288,general,2025-10-16,15:28:07,41.9,Lisa,negative,True,service_quality,N/A,N/A,CUST90298,AGENT5673,English,poor,yes,no
call_001289.json,1289,account,2025-09-08,17:05:13,40.8,Lisa,negative,True,connectivity,N/A,N/A,CUST30554,AGENT9026,English,good,yes,yes
call_001290.json,1290,billing,2025-09-09,16:06:31,40.8,Mike,positive,True,billing,N/A,N/A,CUST55502,AGENT1806,English,poor,no,yes
call_001291.json,1291,billing,2025-10-09,15:08:44,42.4,Emily,positive,False,technical_support,N/A,N/A,CUST90434,AGENT1350,English,excellent,yes,no
call_001292.json,1292,account,2025-10-30,08:14:23,50.5,Emily,negative,False,account,N/A,N/A,CUST38697,AGENT7580,English,good,no,yes
call_001293.json,1293,support,2025-09-10,11:14:25,47.1,James,positive,True,sales_inquiry,N/A,N/A,CUST65449,AGENT6004,English,excellent,no,yes
call_001294.json,1294,support,2025-09-26,12:55:15,49.0,David,neutral,False,sales_inquiry,N/A,N/A,CUST85905,AGENT1668,English,good,no,no
call_001295.json,1295,account,2025-08-28,17:01:41,38.2,Lisa,negative,True,sales_inquiry,N/A,N/A,CUST46449,AGENT1337,English,excellent,yes,no
call_001296.json,1296,technical,2025-10-22,14:33:35,39.4,Mike,positive,True,complaint,N/A,N/A,CUST26280,AGENT1118,English,poor,no,yes
call_001297.json,1297,sales,2025-08-17,10:51:22,46.4,Sarah,positive,N/A,inquiry,False,Bundles,CUST68164,AGENT7738,English,fair,no,yes
call_001298.json,1298,sales,2025-10-13,17:56:50,47.1,Robert,neutral,N/A,connectivity,True,TV Package,CUST69963,AGENT7614,English,poor,no,no
call_001299.json,1299,billing,2025-09-17,14:10:13,42.4,Jennifer,neutral,True,inquiry,N/A,N/A,CUST94690,AGENT4750,English,fair,yes,no
call_001300.json,1300,support,2025-09-19,15:46:19,39.1,Mike,neutral,True,connectivity,N/A,N/A,CUST69397,AGENT2538,English,fair,yes,yes
call_001301.json,1301,support,2025-09-15,16:45:50,47.5,Mike,neutral,True,complaint,N/A,N/A,CUST16074,AGENT8640,English,excellent,yes,yes
call_001302.json,1302,general,2025-10-15,14:28:53,48.4,Mike,negative,True,billing,N/A,N/A,CUST23424,AGENT8954,English,excellent,yes,yes
call_001303.json,1303,sales,2025-08-21,10:58:04,41.8,Lisa,neutral,N/A,billing,False,Mobile Plan,CUST19006,AGENT6189,English,good,yes,no
call_001304.json,1304,general,2025-10-29,08:12:35,44.9,Sarah,negative,True,inquiry,N/A,N/A,CUST56965,AGENT4449,English,poor,yes,yes
call_001305.json,1305,technical,2025-10-10,12:29:16,37.5,David,negative,False,inquiry,N/A,N/A,CUST99184,AGENT2078,English,excellent,no,yes
call_001306.json,1306,retention,2025-10-11,16:08:28,43.7,Lisa,negative,False,sales_inquiry,N/A,N/A,CUST46913,AGENT7497,English,excellent,yes,yes
call_001307.json,1307,retention,2025-08-25,09:48:42,44.2,Robert,neutral,True,inquiry,N/A,N/A,CUST34943,AGENT9994,English,good,yes,yes
call_001308.json,1308,retention,2025-09-26,09:45:54,48.5,Robert,positive,True,service_quality,N/A,N/A,CUST87695,AGENT8411,English,fair,yes,yes
call_001309.json,1309,support,2025-10-01,09:51:31,40.1,Lisa,neutral,True,sales_inquiry,N/A,N/A,CUST63416,AGENT8187,English,excellent,no,yes
call_001310.json,1310,retention,2025-08-27,11:29:03,48.1,Jennifer,negative,False,sales_inquiry,N/A,N/A,CUST72333,AGENT6378,English,poor,no,no
call_001311.json,1311,support,2025-08-30,16:18:50,40.7,David,negative,False,inquiry,N/A,N/A,CUST85576,AGENT4265,English,good,no,no
call_001312.json,1312,account,2025-08-18,17:18:51,39.7,Sarah,positive,False,connectivity,N/A,N/A,CUST68005,AGENT4715,English,poor,no,yes
call_001313.json,1313,support,2025-08-27,08:40:04,45.9,Lisa,negative,False,sales_inquiry,N/A,N/A,CUST82702,AGENT9577,English,fair,yes,no
call_001314.json,1314,retention,2025-10-28,14:18:15,43.8,James,neutral,False,sales_inquiry,N/A,N/A,CUST18921,AGENT2860,English,excellent,no,no
call_001315.json,1315,account,2025-10-01,15:16:44,44.7,Robert,positive,True,complaint,N/A,N/A,CUST22221,AGENT6133,English,poor,no,yes
call_001316.json,1316,account,2025-10-27,13:52:50,38.6,Lisa,positive,False,service_quality,N/A,N/A,CUST62230,AGENT7646,English,poor,yes,yes
call_001317.json,1317,technical,2025-10-21,15:33:12,45.3,Jennifer,negative,True,sales_inquiry,N/A,N/A,CUST27285,AGENT7201,English,fair,no,yes
call_001318.json,1318,retention,2025-10-19,09:08:32,43.5,Lisa,neutral,True,complaint,N/A,N/A,CUST23565,AGENT7532,English,excellent,yes,no
call_001319.json,1319,general,2025-08-27,17:28:05,42.5,David,positive,False,connectivity,N/A,N/A,CUST76626,AGENT2536,English,poor,yes,yes
call_001320.json,1320,support,2025-10-12,10:46:03,45.7,David,negative,False,connectivity,N/A,N/A,CUST62449,AGENT1072,English,good,yes,no
call_001321.json,1321,technical,2025-10-27,17:10:29,46.1,David,neutral,False,complaint,N/A,N/A,CUST25702,AGENT3513,English,excellent,no,no
call_001322.json,1322,sales,2025-08-24,16:36:02,47.1,Lisa,negative,N/A,retention,True,Bundles,CUST26313,AGENT7530,English,poor,no,yes
call_001323.json,1323,sales,2025-10-12,09:09:59,41.0,Sarah,positive,N/A,inquiry,True,Broadband,CUST58384,AGENT1472,English,fair,yes,no
call_001324.json,1324,retention,2025-08-28,12:34:25,49.1,Robert,negative,False,retention,N/A,N/A,CUST15120,AGENT8662,English,poor,no,no
call_001325.json,1325,billing,2025-09-23,10:07:43,42.9,Lisa,negative,False,technical_support,N/A,N/A,CUST32024,AGENT8981,English,good,yes,yes
call_001326.json,1326,general,2025-08-19,16:27:50,46.9,Mike,negative,False,inquiry,N/A,N/A,CUST76055,AGENT9023,English,excellent,no,no
call_001327.json,1327,general,2025-10-17,10:20:03,42.2,Emily,positive,False,complaint,N/A,N/A,CUST21594,AGENT4258,English,good,yes,yes
call_001328.json,1328,technical,2025-10-19,11:28:24,45.4,Lisa,negative,True,billing,N/A,N/A,CUST83505,AGENT3144,English,fair,yes,yes
call_001329.json,1329,account,2025-10-17,16:16:01,45.4,James,negative,True,billing,N/A,N/A,CUST31991,AGENT6813,English,good,yes,yes
call_001330.json,1330,billing,2025-09-22,15:36:39,40.1,David,positive,False,billing,N/A,N/A,CUST82956,AGENT5760,English,fair,yes,yes
call_001331.json,1331,support,2025-10-18,13:39:15,46.2,Lisa,negative,True,billing,N/A,N/A,CUST96781,AGENT3564,English,good,no,yes
call_001332.json,1332,billing,2025-10-02,08:38:44,37.6,Lisa,neutral,False,inquiry,N/A,N/A,CUST15040,AGENT8520,English,good,no,yes
call_001333.json,1333,sales,2025-10-02,16:40:25,42.7,Mike,neutral,N/A,account,False,Mobile Plan,CUST64463,AGENT4975,English,excellent,no,no
call_001334.json,1334,technical,2025-09-24,13:32:52,42.3,Sarah,neutral,False,technical_support,N/A,N/A,CUST35495,AGENT8745,English,poor,yes,no
call_001335.json,1335,retention,2025-10-11,10:54:29,41.4,Emily,negative,False,technical_support,N/A,N/A,CUST50393,AGENT2348,English,excellent,no,no
call_001336.json,1336,billing,2025-10-15,10:15:31,47.1,Jennifer,neutral,True,technical_support,N/A,N/A,CUST53115,AGENT9826,English,good,yes,yes
call_001337.json,1337,sales,2025-11-08,16:45:32,41.6,Mike,neutral,N/A,sales_inquiry,False,Add-on Service,CUST43662,AGENT6053,English,excellent,no,yes
call_001338.json,1338,technical,2025-11-06,09:52:42,47.2,James,neutral,False,connectivity,N/A,N/A,CUST72181,AGENT1728,English,excellent,no,no
call_001339.json,1339,general,2025-09-03,17:35:11,42.4,Lisa,neutral,False,account,N/A,N/A,CUST89893,AGENT8436,English,good,yes,no
call_001340.json,1340,account,2025-08-22,12:16:23,39.4,Emily,positive,False,inquiry,N/A,N/A,CUST84396,AGENT2642,English,fair,no,yes
call_001341.json,1341,general,2025-09-26,13:45:27,39.0,Mike,positive,True,complaint,N/A,N/A,CUST60301,AGENT3329,English,good,yes,yes
call_001342.json,1342,retention,2025-08-17,13:05:29,39.9,Robert,neutral,True,technical_support,N/A,N/A,CUST93319,AGENT3273,English,excellent,no,no
call_001343.json,1343,technical,2025-09-18,12:27:30,46.7,Sarah,positive,True,technical_support,N/A,N/A,CUST13916,AGENT5079,English,excellent,no,no
call_001344.json,1344,support,2025-10-02,10:10:22,47.4,Robert,negative,True,device,N/A,N/A,CUST70868,AGENT8206,English,poor,no,no
call_001345.json,1345,billing,2025-10-04,10:47:01,43.4,Robert,negative,True,account,N/A,N/A,CUST97103,AGENT6212,English,poor,no,no
call_001346.json,1346,account,2025-08-21,14:54:58,47.7,David,positive,False,inquiry,N/A,N/A,CUST86910,AGENT2111,English,fair,no,yes
call_001347.json,1347,retention,2025-09-04,14:50:48,44.2,Sarah,negative,True,inquiry,N/A,N/A,CUST59955,AGENT2710,English,excellent,no,yes
call_001348.json,1348,support,2025-10-24,09:38:52,42.7,James,positive,True,service_quality,N/A,N/A,CUST68655,AGENT2369,English,excellent,yes,yes
call_001349.json,1349,sales,2025-11-01,09:33:44,40.2,James,negative,N/A,sales_inquiry,False,Add-on Service,CUST69623,AGENT1264,English,excellent,no,yes
call_001350.json,1350,billing,2025-08-21,17:17:12,46.5,Sarah,negative,False,sales_inquiry,N/A,N/A,CUST81870,AGENT2812,English,good,yes,no
call_001351.json,1351,billing,2025-10-04,12:57:17,48.9,David,negative,True,technical_support,N/A,N/A,CUST26111,AGENT1626,English,poor,no,no
call_001352.json,1352,billing,2025-09-28,11:21:01,42.4,Jennifer,positive,False,device,N/A,N/A,CUST33848,AGENT8328,English,poor,no,no
call_001353.json,1353,retention,2025-10-14,16:19:23,41.7,Sarah,positive,True,account,N/A,N/A,CUST57043,AGENT1538,English,excellent,yes,yes
call_001354.json,1354,billing,2025-09-30,17:19:55,38.1,Emily,positive,True,device,N/A,N/A,CUST80991,AGENT4424,English,excellent,no,yes
call_001355.json,1355,technical,2025-08-20,12:38:57,43.8,Emily,neutral,True,connectivity,N/A,N/A,CUST70034,AGENT6840,English,good,no,yes
call_001356.json,1356,sales,2025-09-22,15:51:37,48.9,David,neutral,N/A,sales_inquiry,False,Mobile Plan,CUST86211,AGENT4353,English,good,no,yes
call_001357.json,1357,general,2025-10-08,09:42:35,40.0,Mike,neutral,False,device,N/A,N/A,CUST61627,AGENT9160,English,excellent,no,yes
call_001358.json,1358,retention,2025-09-03,13:54:53,47.4,Mike,neutral,False,complaint,N/A,N/A,CUST84148,AGENT4582,English,poor,yes,yes
call_001359.json,1359,support,2025-10-06,10:47:37,47.5,David,neutral,False,technical_support,N/A,N/A,CUST68845,AGENT1302,English,good,no,no
call_001360.json,1360,retention,2025-10-22,11:21:08,41.5,Sarah,neutral,False,sales_inquiry,N/A,N/A,CUST45437,AGENT4436,English,poor,yes,yes
call_001361.json,1361,sales,2025-09-14,16:38:21,45.9,James,positive,N/A,account,False,Device,CUST27974,AGENT6028,English,poor,no,yes
call_001362.json,1362,account,2025-11-07,15:18:25,47.9,David,positive,True,billing,N/A,N/A,CUST29213,AGENT1644,English,fair,no,no
call_001363.json,1363,billing,2025-11-04,09:11:14,46.4,Robert,neutral,False,account,N/A,N/A,CUST53929,AGENT8329,English,good,no,no
call_001364.json,1364,retention,2025-10-01,17:15:34,39.9,Robert,negative,False,device,N/A,N/A,CUST66707,AGENT4674,English,excellent,yes,yes
call_001365.json,1365,retention,2025-10-21,17:11:10,44.5,Sarah,negative,False,account,N/A,N/A,CUST18322,AGENT9035,English,fair,yes,yes
call_001366.json,1366,support,2025-10-02,09:51:31,42.3,Mike,positive,False,complaint,N/A,N/A,CUST53456,AGENT9993,English,fair,no,no
call_001367.json,1367,support,2025-08-30,12:18:57,41.4,Jennifer,positive,True,billing,N/A,N/A,CUST81849,AGENT8676,English,poor,no,no
call_001368.json,1368,support,2025-10-20,13:57:07,40.9,James,neutral,True,technical_support,N/A,N/A,CUST29921,AGENT9274,English,excellent,yes,no
call_001369.json,1369,account,2025-10-11,11:43:12,43.8,Emily,positive,False,technical_support,N/A,N/A,CUST82351,AGENT1892,English,good,yes,yes
call_001370.json,1370,sales,2025-10-01,13:42:20,39.3,James,negative,N/A,retention,False,Mobile Plan,CUST47532,AGENT7893,English,fair,yes,yes
call_001371.json,1371,sales,2025-11-01,10:52:53,50.5,Sarah,neutral,N/A,inquiry,True,TV Package,CUST36828,AGENT9689,English,poor,no,no
call_001372.json,1372,technical,2025-09-12,17:57:32,39.4,Robert,negative,False,account,N/A,N/A,CUST45985,AGENT1298,English,excellent,no,no
call_001373.json,1373,general,2025-11-07,08:02:08,41.4,Mike,negative,True,technical_support,N/A,N/A,CUST85218,AGENT4232,English,poor,no,yes
call_001374.json,1374,account,2025-09-08,17:26:39,43.1,David,neutral,True,account,N/A,N/A,CUST90958,AGENT3469,English,excellent,no,no
call_001375.json,1375,general,2025-10-27,08:14:38,46.1,Mike,neutral,True,billing,N/A,N/A,CUST19205,AGENT2903,English,fair,yes,no
call_001376.json,1376,billing,2025-08-27,13:43:32,38.8,Robert,negative,False,complaint,N/A,N/A,CUST13780,AGENT9037,English,good,yes,no
call_001377.json,1377,support,2025-11-03,10:15:46,47.4,Lisa,neutral,True,account,N/A,N/A,CUST25818,AGENT1477,English,excellent,no,no
call_001378.json,1378,retention,2025-10-19,13:20:22,42.5,Sarah,neutral,True,sales_inquiry,N/A,N/A,CUST35032,AGENT5764,English,excellent,no,yes
call_001379.json,1379,general,2025-10-11,15:53:44,42.9,Robert,neutral,False,account,N/A,N/A,CUST64457,AGENT5726,English,good,no,yes
call_001380.json,1380,technical,2025-10-28,14:01:33,33.8,Mike,positive,True,account,N/A,N/A,CUST49044,AGENT1756,English,good,no,no
call_001381.json,1381,general,2025-09-21,15:14:11,44.0,Sarah,negative,False,device,N/A,N/A,CUST25773,AGENT8497,English,poor,no,no
call_001382.json,1382,general,2025-10-31,15:32:31,46.6,Mike,neutral,True,account,N/A,N/A,CUST97073,AGENT6979,English,poor,yes,yes
call_001383.json,1383,support,2025-09-18,10:58:46,44.0,Mike,negative,False,inquiry,N/A,N/A,CUST15318,AGENT9923,English,poor,yes,no
call_001384.json,1384,account,2025-08-19,15:38:00,42.1,Emily,positive,True,retention,N/A,N/A,CUST73355,AGENT9233,English,poor,yes,yes
call_001385.json,1385,billing,2025-08-28,10:12:43,43.8,Emily,negative,False,complaint,N/A,N/A,CUST44742,AGENT1414,English,excellent,yes,no
call_001386.json,1386,account,2025-08-25,12:57:30,46.9,Mike,neutral,True,billing,N/A,N/A,CUST75669,AGENT2273,English,poor,no,yes
call_001387.json,1387,technical,2025-11-07,10:23:16,42.7,David,negative,True,connectivity,N/A,N/A,CUST85631,AGENT5138,English,excellent,yes,yes
call_001388.json,1388,account,2025-09-19,09:19:15,39.6,Emily,neutral,False,device,N/A,N/A,CUST76872,AGENT9198,English,fair,no,no
call_001389.json,1389,support,2025-11-05,13:12:42,42.5,Sarah,neutral,True,complaint,N/A,N/A,CUST75479,AGENT6453,English,excellent,no,yes
call_001390.json,1390,retention,2025-11-08,08:57:44,44.1,Lisa,positive,True,complaint,N/A,N/A,CUST60690,AGENT6968,English,poor,yes,yes
call_001391.json,1391,sales,2025-09-10,14:07:29,42.6,Lisa,negative,N/A,service_quality,True,TV Package,CUST16358,AGENT4742,English,fair,yes,yes
call_001392.json,1392,support,2025-10-14,15:01:16,40.1,Robert,neutral,True,technical_support,N/A,N/A,CUST15442,AGENT4548,English,poor,yes,no
call_001393.json,1393,sales,2025-11-02,14:38:53,48.6,Lisa,positive,N/A,technical_support,False,Mobile Plan,CUST51673,AGENT3587,English,excellent,yes,yes
call_001394.json,1394,retention,2025-10-07,16:33:56,46.7,Robert,positive,True,technical_support,N/A,N/A,CUST88724,AGENT9425,English,excellent,no,yes
call_001395.json,1395,billing,2025-10-16,08:34:57,40.5,David,negative,True,complaint,N/A,N/A,CUST21850,AGENT6402,English,good,yes,yes
call_001396.json,1396,account,2025-10-18,10:06:08,48.2,David,positive,True,billing,N/A,N/A,CUST21575,AGENT6342,English,fair,no,no
call_001397.json,1397,retention,2025-08-15,12:00:18,43.8,Robert,positive,True,service_quality,N/A,N/A,CUST12687,AGENT2680,English,good,yes,no
call_001398.json,1398,account,2025-09-25,11:05:56,46.2,Robert,neutral,False,inquiry,N/A,N/A,CUST85846,AGENT1027,English,poor,yes,yes
call_001399.json,1399,general,2025-08-28,14:54:40,34.9,Lisa,neutral,False,service_quality,N/A,N/A,CUST98003,AGENT8336,English,poor,yes,yes
call_001400.json,1400,sales,2025-10-05,11:40:48,41.4,James,positive,N/A,complaint,False,TV Package,CUST98501,AGENT2156,English,good,no,yes
call_001401.json,1401,sales,2025-09-09,16:13:29,44.6,Robert,neutral,N/A,service_quality,False,Bundles,CUST72618,AGENT7164,English,poor,yes,no
call_001402.json,1402,technical,2025-08-31,09:11:54,46.7,James,positive,False,retention,N/A,N/A,CUST55480,AGENT7581,English,excellent,yes,no
call_001403.json,1403,support,2025-09-09,08:07:26,39.0,Emily,neutral,False,inquiry,N/A,N/A,CUST59194,AGENT3269,English,excellent,yes,yes
call_001404.json,1404,sales,2025-10-29,08:46:25,47.9,Emily,positive,N/A,sales_inquiry,False,TV Package,CUST63402,AGENT1207,English,fair,yes,no
call_001405.json,1405,account,2025-10-28,15:35:07,39.7,Jennifer,negative,True,technical_support,N/A,N/A,CUST43837,AGENT4080,English,poor,yes,yes
call_001406.json,1406,billing,2025-09-16,14:01:48,43.8,David,negative,False,billing,N/A,N/A,CUST71735,AGENT9927,English,good,no,yes
call_001407.json,1407,general,2025-09-01,16:17:12,47.2,Lisa,negative,False,complaint,N/A,N/A,CUST65537,AGENT5847,English,fair,yes,yes
call_001408.json,1408,retention,2025-10-29,14:45:40,47.4,Emily,negative,False,inquiry,N/A,N/A,CUST47232,AGENT9181,English,good,no,no
call_001409.json,1409,account,2025-10-28,14:52:50,45.8,James,negative,False,device,N/A,N/A,CUST66793,AGENT7804,English,poor,no,yes
call_001410.json,1410,general,2025-09-11,08:04:10,47.5,James,negative,True,inquiry,N/A,N/A,CUST81175,AGENT4463,English,fair,no,no
call_001411.json,1411,support,2025-08-19,15:19:41,38.5,Emily,neutral,False,billing,N/A,N/A,CUST48915,AGENT5458,English,good,yes,yes
call_001412.json,1412,account,2025-08-24,17:34:00,46.2,Sarah,positive,True,billing,N/A,N/A,CUST63263,AGENT7801,English,fair,yes,yes
call_001413.json,1413,technical,2025-10-01,12:18:51,46.0,Emily,negative,False,billing,N/A,N/A,CUST97900,AGENT8652,English,fair,no,no
call_001414.json,1414,general,2025-09-03,16:13:59,44.0,Emily,positive,True,connectivity,N/A,N/A,CUST88997,AGENT1303,English,fair,no,yes
call_001415.json,1415,technical,2025-08-27,17:40:45,42.5,James,positive,False,device,N/A,N/A,CUST30920,AGENT3970,English,fair,yes,no
call_001416.json,1416,billing,2025-11-02,13:04:32,48.8,Lisa,positive,True,device,N/A,N/A,CUST17268,AGENT9637,English,excellent,no,yes
call_001417.json,1417,general,2025-08-23,16:48:56,43.4,James,negative,False,billing,N/A,N/A,CUST19110,AGENT8168,English,good,yes,yes
call_001418.json,1418,technical,2025-09-28,11:05:43,43.4,Sarah,positive,True,billing,N/A,N/A,CUST77651,AGENT3744,English,good,yes,no
call_001419.json,1419,general,2025-08-26,17:04:12,43.2,David,positive,True,complaint,N/A,N/A,CUST52289,AGENT6052,English,excellent,yes,yes
call_001420.json,1420,general,2025-08-21,17:27:18,45.3,James,negative,False,sales_inquiry,N/A,N/A,CUST11456,AGENT8349,English,good,no,no
call_001421.json,1421,technical,2025-08-30,09:51:55,40.2,James,neutral,False,technical_support,N/A,N/A,CUST98850,AGENT2200,English,poor,no,yes
call_001422.json,1422,retention,2025-10-13,08:24:45,38.3,Sarah,neutral,True,service_quality,N/A,N/A,CUST73911,AGENT4256,English,excellent,no,no
call_001423.json,1423,sales,2025-08-29,15:54:07,41.5,Robert,negative,N/A,complaint,True,Broadband,CUST77215,AGENT9991,English,fair,yes,no
call_001424.json,1424,general,2025-10-28,16:31:11,45.7,Mike,negative,False,billing,N/A,N/A,CUST95302,AGENT4109,English,good,yes,yes
call_001425.json,1425,support,2025-10-10,09:32:50,47.5,Sarah,neutral,False,complaint,N/A,N/A,CUST49582,AGENT8536,English,fair,yes,no
call_001426.json,1426,sales,2025-08-21,17:26:42,43.7,Jennifer,positive,N/A,connectivity,True,Device,CUST53624,AGENT7176,English,good,yes,yes
call_001427.json,1427,support,2025-10-18,13:15:47,41.1,Lisa,neutral,True,connectivity,N/A,N/A,CUST25843,AGENT3060,English,excellent,no,yes
call_001428.json,1428,general,2025-10-07,14:47:10,42.1,Sarah,positive,True,device,N/A,N/A,CUST29968,AGENT9772,English,fair,no,no
call_001429.json,1429,technical,2025-08-12,17:52:29,43.7,Sarah,positive,False,retention,N/A,N/A,CUST57258,AGENT7038,English,poor,yes,yes
call_001430.json,1430,sales,2025-10-26,11:28:09,45.4,Lisa,positive,N/A,account,True,Broadband,CUST15174,AGENT8486,English,good,no,no
call_001431.json,1431,support,2025-09-05,12:35:48,39.0,David,neutral,False,sales_inquiry,N/A,N/A,CUST14270,AGENT7982,English,fair,yes,no
call_001432.json,1432,billing,2025-11-04,12:30:26,50.0,Jennifer,neutral,True,complaint,N/A,N/A,CUST18065,AGENT6801,English,poor,yes,no
call_001433.json,1433,support,2025-09-20,13:12:58,41.2,Robert,positive,True,service_quality,N/A,N/A,CUST93190,AGENT4489,English,excellent,no,no
call_001434.json,1434,general,2025-09-08,15:12:59,40.5,Emily,positive,True,complaint,N/A,N/A,CUST13420,AGENT1550,English,poor,no,yes
call_001435.json,1435,general,2025-08-22,16:38:33,40.2,Emily,negative,False,service_quality,N/A,N/A,CUST72711,AGENT5017,English,fair,yes,no
call_001436.json,1436,general,2025-11-03,13:06:40,45.2,David,neutral,True,complaint,N/A,N/A,CUST22055,AGENT8642,English,poor,yes,no
call_001437.json,1437,sales,2025-09-08,17:59:04,39.4,Emily,neutral,N/A,connectivity,True,TV Package,CUST57545,AGENT4782,English,poor,yes,no
call_001438.json,1438,technical,2025-10-18,09:30:47,42.7,Robert,neutral,True,device,N/A,N/A,CUST73741,AGENT5153,English,good,yes,no
call_001439.json,1439,support,2025-10-12,16:10:45,47.8,Lisa,neutral,True,service_quality,N/A,N/A,CUST32273,AGENT9956,English,fair,yes,no
call_001440.json,1440,support,2025-09-02,09:10:12,41.5,Lisa,negative,True,sales_inquiry,N/A,N/A,CUST83517,AGENT9630,English,poor,no,yes
call_001441.json,1441,account,2025-10-12,15:22:28,41.4,Jennifer,positive,True,service_quality,N/A,N/A,CUST55000,AGENT5487,English,fair,yes,no
call_001442.json,1442,general,2025-10-29,12:30:58,38.7,David,negative,False,device,N/A,N/A,CUST32747,AGENT3056,English,fair,no,yes
call_001443.json,1443,support,2025-10-27,16:56:31,44.6,Emily,negative,True,connectivity,N/A,N/A,CUST96971,AGENT9575,English,poor,yes,no
call_001444.json,1444,technical,2025-11-07,14:32:50,44.6,Lisa,negative,True,inquiry,N/A,N/A,CUST83080,AGENT6569,English,excellent,yes,yes
call_001445.json,1445,support,2025-09-26,15:06:14,38.3,Emily,negative,False,inquiry,N/A,N/A,CUST56294,AGENT8601,English,excellent,yes,yes
call_001446.json,1446,technical,2025-09-25,11:28:27,42.9,Lisa,neutral,False,device,N/A,N/A,CUST25568,AGENT1090,English,fair,yes,yes
call_001447.json,1447,retention,2025-11-03,12:37:44,47.7,James,positive,False,sales_inquiry,N/A,N/A,CUST73978,AGENT3440,English,fair,yes,no
call_001448.json,1448,retention,2025-10-24,17:36:13,46.8,Mike,negative,False,device,N/A,N/A,CUST22404,AGENT1354,English,good,no,no
call_001449.json,1449,retention,2025-09-07,13:43:56,44.6,Lisa,positive,True,inquiry,N/A,N/A,CUST81383,AGENT7497,English,fair,yes,no
call_001450.json,1450,billing,2025-11-05,09:10:51,40.6,Lisa,neutral,False,service_quality,N/A,N/A,CUST25033,AGENT2721,English,excellent,no,yes
call_001451.json,1451,technical,2025-09-15,16:44:24,35.9,Emily,positive,False,service_quality,N/A,N/A,CUST29407,AGENT7452,English,excellent,no,yes
call_001452.json,1452,general,2025-10-11,14:42:24,43.8,Lisa,neutral,False,service_quality,N/A,N/A,CUST88319,AGENT3160,English,excellent,no,yes
call_001453.json,1453,sales,2025-09-18,14:13:38,51.0,David,negative,N/A,retention,False,Mobile Plan,CUST20420,AGENT9201,English,excellent,yes,yes
call_001454.json,1454,retention,2025-10-20,09:27:44,41.6,Sarah,neutral,False,service_quality,N/A,N/A,CUST56287,AGENT4270,English,good,no,no
call_001455.json,1455,retention,2025-10-08,09:01:34,45.5,Jennifer,positive,False,connectivity,N/A,N/A,CUST75265,AGENT6864,English,excellent,no,yes
call_001456.json,1456,retention,2025-08-13,15:07:27,48.5,David,neutral,False,sales_inquiry,N/A,N/A,CUST54311,AGENT6286,English,good,no,yes
call_001457.json,1457,support,2025-09-09,08:11:07,43.8,Mike,positive,False,technical_support,N/A,N/A,CUST37391,AGENT9930,English,fair,no,yes
call_001458.json,1458,general,2025-09-21,08:04:53,45.5,David,neutral,False,service_quality,N/A,N/A,CUST64931,AGENT2848,English,good,yes,no
call_001459.json,1459,retention,2025-08-30,14:05:09,42.9,Lisa,negative,False,account,N/A,N/A,CUST99102,AGENT6576,English,poor,yes,no
call_001460.json,1460,support,2025-10-11,17:16:10,45.9,James,positive,False,retention,N/A,N/A,CUST32306,AGENT9384,English,good,yes,no
call_001461.json,1461,technical,2025-08-16,17:24:01,39.7,Robert,negative,True,sales_inquiry,N/A,N/A,CUST29001,AGENT7918,English,good,yes,yes
call_001462.json,1462,account,2025-10-25,17:46:46,43.2,Mike,negative,True,technical_support,N/A,N/A,CUST89204,AGENT2321,English,excellent,no,yes
call_001463.json,1463,general,2025-10-07,13:20:39,43.2,David,neutral,False,billing,N/A,N/A,CUST33036,AGENT9891,English,fair,yes,yes
call_001464.json,1464,support,2025-10-10,17:40:42,41.0,James,neutral,False,retention,N/A,N/A,CUST91152,AGENT6423,English,excellent,no,yes
call_001465.json,1465,retention,2025-09-06,15:59:11,46.1,Lisa,neutral,True,inquiry,N/A,N/A,CUST24501,AGENT4044,English,poor,no,yes
call_001466.json,1466,sales,2025-08-30,14:13:31,41.4,Robert,negative,N/A,service_quality,True,Broadband,CUST74406,AGENT1834,English,good,yes,yes
call_001467.json,1467,technical,2025-09-23,16:50:35,47.1,Emily,positive,False,device,N/A,N/A,CUST79224,AGENT8388,English,excellent,yes,no
call_001468.json,1468,support,2025-08-15,10:03:07,45.9,James,positive,True,technical_support,N/A,N/A,CUST82412,AGENT2045,English,excellent,yes,yes
call_001469.json,1469,account,2025-11-02,14:18:01,42.8,David,negative,True,technical_support,N/A,N/A,CUST22516,AGENT2443,English,good,yes,no
call_001470.json,1470,support,2025-09-29,10:30:15,46.9,Mike,negative,False,complaint,N/A,N/A,CUST36824,AGENT7717,English,fair,no,yes
call_001471.json,1471,retention,2025-10-19,11:03:30,50.5,Emily,negative,False,retention,N/A,N/A,CUST25010,AGENT6072,English,poor,no,yes
call_001472.json,1472,retention,2025-09-10,10:05:52,37.8,Jennifer,negative,True,billing,N/A,N/A,CUST83773,AGENT6436,English,excellent,yes,yes
call_001473.json,1473,account,2025-10-05,17:14:22,44.8,Lisa,neutral,False,service_quality,N/A,N/A,CUST80292,AGENT2177,English,excellent,no,yes
call_001474.json,1474,sales,2025-09-10,10:14:37,46.6,James,neutral,N/A,retention,False,Device,CUST91631,AGENT9548,English,excellent,yes,yes
call_001475.json,1475,support,2025-10-14,16:01:23,43.4,Sarah,neutral,False,retention,N/A,N/A,CUST25305,AGENT3553,English,excellent,no,no
call_001476.json,1476,sales,2025-08-13,16:49:22,41.5,Emily,negative,N/A,sales_inquiry,True,Broadband,CUST42998,AGENT6735,English,excellent,no,no
call_001477.json,1477,technical,2025-08-15,16:01:44,37.6,Jennifer,neutral,True,complaint,N/A,N/A,CUST52724,AGENT7861,English,excellent,yes,yes
call_001478.json,1478,retention,2025-08-28,09:45:18,45.5,James,positive,False,sales_inquiry,N/A,N/A,CUST55894,AGENT2106,English,poor,no,yes
call_001479.json,1479,support,2025-08-31,09:14:01,36.8,Jennifer,neutral,False,connectivity,N/A,N/A,CUST49806,AGENT4961,English,poor,yes,no
call_001480.json,1480,retention,2025-09-16,14:49:07,39.8,Emily,negative,True,service_quality,N/A,N/A,CUST56743,AGENT1283,English,excellent,yes,no
call_001481.json,1481,account,2025-08-24,13:29:14,44.7,Robert,positive,True,retention,N/A,N/A,CUST70505,AGENT7021,English,poor,no,yes
call_001482.json,1482,support,2025-10-10,14:47:12,51.1,Lisa,neutral,False,device,N/A,N/A,CUST56022,AGENT6165,English,poor,yes,yes
call_001483.json,1483,sales,2025-10-13,11:13:02,46.7,David,negative,N/A,inquiry,True,Broadband,CUST95535,AGENT2035,English,good,yes,no
call_001484.json,1484,general,2025-10-15,13:59:36,40.7,Sarah,positive,True,complaint,N/A,N/A,CUST93064,AGENT7251,English,fair,no,yes
call_001485.json,1485,retention,2025-10-08,13:17:20,49.0,Jennifer,negative,True,account,N/A,N/A,CUST65231,AGENT8449,English,good,yes,no
call_001486.json,1486,sales,2025-10-13,13:57:53,42.6,David,neutral,N/A,inquiry,True,Device,CUST64761,AGENT1188,English,poor,no,no
call_001487.json,1487,general,2025-08-27,15:14:41,46.2,Robert,positive,True,connectivity,N/A,N/A,CUST38934,AGENT7946,English,fair,yes,no
call_001488.json,1488,technical,2025-10-08,08:48:09,45.7,Lisa,neutral,True,sales_inquiry,N/A,N/A,CUST26281,AGENT1796,English,excellent,no,no
call_001489.json,1489,general,2025-08-29,15:51:45,35.0,Jennifer,neutral,True,retention,N/A,N/A,CUST43571,AGENT2770,English,excellent,yes,no
call_001490.json,1490,support,2025-10-15,09:56:44,46.3,Robert,negative,False,inquiry,N/A,N/A,CUST80769,AGENT1423,English,poor,yes,yes
call_001491.json,1491,sales,2025-09-06,12:02:53,47.8,David,neutral,N/A,connectivity,True,Broadband,CUST47059,AGENT3456,English,excellent,yes,no
call_001492.json,1492,account,2025-11-08,09:57:48,46.0,Robert,neutral,True,account,N/A,N/A,CUST62928,AGENT3134,English,fair,yes,yes
call_001493.json,1493,support,2025-09-02,17:47:09,44.7,Robert,negative,False,account,N/A,N/A,CUST49816,AGENT4618,English,poor,yes,no
call_001494.json,1494,general,2025-09-30,17:43:34,48.8,Jennifer,negative,False,connectivity,N/A,N/A,CUST53248,AGENT7295,English,excellent,yes,yes
call_001495.json,1495,sales,2025-08-26,09:14:02,44.9,Lisa,neutral,N/A,sales_inquiry,False,TV Package,CUST23240,AGENT1002,English,fair,no,no
call_001496.json,1496,support,2025-10-04,10:31:14,37.1,Lisa,positive,True,technical_support,N/A,N/A,CUST14747,AGENT3819,English,good,yes,no
call_001497.json,1497,general,2025-10-10,08:42:06,45.6,Mike,neutral,True,inquiry,N/A,N/A,CUST95913,AGENT2680,English,excellent,no,no
call_001498.json,1498,general,2025-08-23,15:08:23,37.8,David,negative,True,device,N/A,N/A,CUST16733,AGENT6167,English,poor,no,no
call_001499.json,1499,retention,2025-08-31,14:52:07,48.5,James,negative,False,inquiry,N/A,N/A,CUST33977,AGENT1995,English,good,yes,no
call_001500.json,1500,billing,2025-08-15,09:53:30,43.5,Sarah,neutral,True,device,N/A,N/A,CUST86235,AGENT3029,English,good,no,yes
call_001501.json,1501,billing,2025-08-23,13:05:37,48.9,David,positive,True,retention,N/A,N/A,CUST43693,AGENT4992,English,fair,yes,no
call_001502.json,1502,billing,2025-08-25,14:47:14,47.1,Lisa,negative,False,connectivity,N/A,N/A,CUST46470,AGENT6255,English,fair,yes,no
call_001503.json,1503,technical,2025-08-14,12:52:43,47.3,Emily,negative,False,account,N/A,N/A,CUST36543,AGENT6238,English,excellent,yes,no
call_001504.json,1504,technical,2025-09-24,14:43:25,43.5,Lisa,positive,False,technical_support,N/A,N/A,CUST70691,AGENT7586,English,fair,yes,no
call_001505.json,1505,sales,2025-10-13,11:44:15,45.9,David,neutral,N/A,sales_inquiry,False,Device,CUST17313,AGENT2896,English,excellent,no,no
call_001506.json,1506,technical,2025-10-15,10:56:18,46.7,Emily,negative,False,device,N/A,N/A,CUST80432,AGENT8062,English,poor,yes,yes
call_001507.json,1507,technical,2025-09-17,12:01:57,44.1,Mike,negative,False,device,N/A,N/A,CUST30682,AGENT7470,English,excellent,yes,yes
call_001508.json,1508,billing,2025-11-08,13:12:52,43.6,Lisa,neutral,False,account,N/A,N/A,CUST94852,AGENT1659,English,fair,yes,yes
call_001509.json,1509,account,2025-09-03,13:12:36,41.1,Emily,positive,True,sales_inquiry,N/A,N/A,CUST21553,AGENT1210,English,fair,yes,yes
call_001510.json,1510,billing,2025-10-25,17:47:38,45.4,James,neutral,True,technical_support,N/A,N/A,CUST27331,AGENT7484,English,excellent,no,no
call_001511.json,1511,general,2025-09-28,08:53:45,40.5,James,negative,True,account,N/A,N/A,CUST45450,AGENT4346,English,excellent,no,yes
call_001512.json,1512,account,2025-08-13,13:56:48,40.0,Jennifer,positive,True,account,N/A,N/A,CUST25622,AGENT1820,English,poor,no,yes
call_001513.json,1513,technical,2025-10-16,08:14:56,40.0,Sarah,positive,False,sales_inquiry,N/A,N/A,CUST75143,AGENT3613,English,poor,no,no
call_001514.json,1514,sales,2025-09-03,15:14:12,40.7,Sarah,negative,N/A,service_quality,True,Add-on Service,CUST60687,AGENT7201,English,poor,no,no
call_001515.json,1515,account,2025-10-11,16:02:22,44.0,Jennifer,negative,False,service_quality,N/A,N/A,CUST99920,AGENT8458,English,fair,yes,yes
call_001516.json,1516,support,2025-09-24,11:59:57,46.5,Emily,positive,True,sales_inquiry,N/A,N/A,CUST40317,AGENT5125,English,poor,yes,no
call_001517.json,1517,technical,2025-09-09,14:49:33,40.3,Sarah,neutral,True,sales_inquiry,N/A,N/A,CUST88825,AGENT5210,English,poor,yes,no
call_001518.json,1518,general,2025-10-13,14:53:49,46.3,Mike,neutral,False,connectivity,N/A,N/A,CUST38694,AGENT3379,English,excellent,yes,yes
call_001519.json,1519,billing,2025-10-19,11:14:44,38.2,Robert,negative,False,inquiry,N/A,N/A,CUST76793,AGENT1332,English,fair,no,yes
call_001520.json,1520,sales,2025-09-19,10:41:47,42.9,James,positive,N/A,retention,False,Add-on Service,CUST77036,AGENT7462,English,excellent,yes,yes
call_001521.json,1521,account,2025-09-21,15:42:21,43.2,Jennifer,negative,False,sales_inquiry,N/A,N/A,CUST69144,AGENT6174,English,good,no,no
call_001522.json,1522,account,2025-10-24,09:20:30,46.6,Mike,neutral,True,complaint,N/A,N/A,CUST66099,AGENT5213,English,fair,yes,no
call_001523.json,1523,support,2025-11-03,11:28:03,48.9,Jennifer,positive,False,retention,N/A,N/A,CUST16160,AGENT2099,English,excellent,no,no
call_001524.json,1524,technical,2025-09-24,16:37:50,48.8,Robert,positive,False,billing,N/A,N/A,CUST79269,AGENT8034,English,good,yes,yes
call_001525.json,1525,technical,2025-09-17,09:59:19,37.4,Lisa,positive,False,sales_inquiry,N/A,N/A,CUST36903,AGENT2348,English,excellent,yes,no
call_001526.json,1526,retention,2025-10-27,12:45:32,48.4,Lisa,positive,False,retention,N/A,N/A,CUST67296,AGENT4755,English,excellent,yes,no
call_001527.json,1527,sales,2025-10-24,16:33:10,38.6,Mike,positive,N/A,account,True,TV Package,CUST91103,AGENT3999,English,poor,no,no
call_001528.json,1528,support,2025-08-31,15:32:36,37.3,David,negative,False,sales_inquiry,N/A,N/A,CUST74977,AGENT6837,English,good,no,yes
call_001529.json,1529,support,2025-10-28,10:22:45,41.7,Lisa,neutral,False,complaint,N/A,N/A,CUST58987,AGENT4862,English,fair,yes,yes
call_001530.json,1530,account,2025-11-06,13:02:51,41.4,James,positive,False,technical_support,N/A,N/A,CUST23553,AGENT6463,English,fair,yes,no
call_001531.json,1531,general,2025-08-14,09:23:47,39.3,Sarah,positive,False,service_quality,N/A,N/A,CUST52253,AGENT2049,English,poor,no,yes
call_001532.json,1532,retention,2025-08-31,14:52:41,48.2,David,negative,False,billing,N/A,N/A,CUST59747,AGENT6187,English,fair,yes,yes
call_001533.json,1533,general,2025-10-01,17:55:41,37.5,Sarah,positive,True,device,N/A,N/A,CUST83291,AGENT1893,English,good,yes,no
call_001534.json,1534,support,2025-10-09,08:30:13,41.1,Jennifer,positive,True,complaint,N/A,N/A,CUST78981,AGENT2002,English,excellent,yes,yes
call_001535.json,1535,support,2025-08-13,09:53:56,39.1,Jennifer,neutral,True,technical_support,N/A,N/A,CUST13047,AGENT5960,English,excellent,yes,yes
call_001536.json,1536,retention,2025-10-25,15:20:48,43.9,Robert,positive,True,sales_inquiry,N/A,N/A,CUST18416,AGENT1690,English,fair,yes,no
call_001537.json,1537,account,2025-08-21,13:33:21,45.5,David,neutral,False,complaint,N/A,N/A,CUST82434,AGENT2197,English,excellent,no,no
call_001538.json,1538,technical,2025-11-08,15:59:55,37.1,James,positive,True,complaint,N/A,N/A,CUST60349,AGENT2907,English,poor,yes,yes
call_001539.json,1539,general,2025-10-30,13:58:21,42.3,Robert,positive,True,device,N/A,N/A,CUST85212,AGENT3608,English,poor,no,no
call_001540.json,1540,retention,2025-11-03,08:38:41,46.5,James,positive,False,connectivity,N/A,N/A,CUST64348,AGENT4063,English,fair,yes,no
call_001541.json,1541,technical,2025-10-23,11:31:36,35.8,Emily,negative,True,retention,N/A,N/A,CUST40026,AGENT1527,English,excellent,no,yes
call_001542.json,1542,general,2025-09-05,10:27:34,40.6,David,positive,False,device,N/A,N/A,CUST17238,AGENT2341,English,good,yes,yes
call_001543.json,1543,retention,2025-09-26,09:07:00,44.6,Mike,neutral,True,complaint,N/A,N/A,CUST20279,AGENT9085,English,good,yes,yes
call_001544.json,1544,billing,2025-10-20,14:17:03,44.3,James,positive,False,complaint,N/A,N/A,CUST35850,AGENT5419,English,fair,no,yes
call_001545.json,1545,billing,2025-10-24,14:51:38,49.4,Sarah,positive,True,inquiry,N/A,N/A,CUST33425,AGENT9602,English,poor,yes,yes
call_001546.json,1546,billing,2025-09-15,13:54:26,39.5,James,neutral,True,technical_support,N/A,N/A,CUST81006,AGENT5099,English,excellent,no,yes
call_001547.json,1547,retention,2025-08-12,08:10:50,40.4,Mike,negative,False,complaint,N/A,N/A,CUST30949,AGENT8392,English,poor,no,yes
call_001548.json,1548,sales,2025-09-15,16:16:30,48.3,Sarah,neutral,N/A,device,True,Bundles,CUST69849,AGENT7584,English,excellent,no,yes
call_001549.json,1549,retention,2025-10-29,14:35:02,40.0,Jennifer,negative,False,complaint,N/A,N/A,CUST15728,AGENT7236,English,good,no,yes
call_001550.json,1550,sales,2025-09-16,09:48:27,43.0,James,negative,N/A,inquiry,False,Bundles,CUST38146,AGENT9845,English,fair,no,yes
call_001551.json,1551,account,2025-08-16,11:20:28,41.7,Mike,positive,False,complaint,N/A,N/A,CUST25089,AGENT5727,English,excellent,yes,no
call_001552.json,1552,technical,2025-10-12,15:24:02,37.8,Sarah,positive,False,account,N/A,N/A,CUST51872,AGENT7177,English,poor,yes,no
call_001553.json,1553,billing,2025-08-22,16:51:55,44.3,Jennifer,neutral,True,billing,N/A,N/A,CUST77573,AGENT2366,English,good,no,yes
call_001554.json,1554,billing,2025-10-06,12:09:50,41.8,Mike,positive,True,inquiry,N/A,N/A,CUST94670,AGENT8590,English,good,no,yes
call_001555.json,1555,technical,2025-09-09,09:52:55,41.1,David,positive,True,retention,N/A,N/A,CUST22269,AGENT6925,English,excellent,yes,yes
call_001556.json,1556,general,2025-09-20,16:25:40,45.6,David,positive,True,complaint,N/A,N/A,CUST94231,AGENT7780,English,poor,yes,yes
call_001557.json,1557,general,2025-09-14,13:12:08,43.8,James,positive,False,inquiry,N/A,N/A,CUST60929,AGENT5749,English,poor,yes,yes
call_001558.json,1558,support,2025-08-25,15:35:09,43.2,Mike,positive,True,sales_inquiry,N/A,N/A,CUST86637,AGENT1307,English,excellent,yes,yes
call_001559.json,1559,billing,2025-09-17,09:27:02,41.2,James,positive,False,billing,N/A,N/A,CUST12734,AGENT9061,English,good,yes,yes
call_001560.json,1560,support,2025-10-13,14:20:47,44.9,Jennifer,negative,True,account,N/A,N/A,CUST31552,AGENT8747,English,excellent,no,no
call_001561.json,1561,general,2025-09-05,15:47:50,43.9,Jennifer,negative,True,sales_inquiry,N/A,N/A,CUST39293,AGENT1507,English,poor,yes,no
call_001562.json,1562,sales,2025-10-24,10:26:19,43.7,Jennifer,negative,N/A,billing,True,Add-on Service,CUST12183,AGENT2992,English,fair,no,yes
call_001563.json,1563,sales,2025-10-27,15:52:56,46.4,Sarah,neutral,N/A,sales_inquiry,True,Broadband,CUST96959,AGENT7996,English,excellent,yes,no
call_001564.json,1564,technical,2025-11-04,08:06:12,43.9,Emily,negative,False,retention,N/A,N/A,CUST96889,AGENT7330,English,good,no,yes
call_001565.json,1565,retention,2025-11-07,08:40:05,45.9,Mike,positive,False,device,N/A,N/A,CUST21659,AGENT6904,English,good,yes,yes
call_001566.json,1566,account,2025-09-19,13:05:08,37.0,Lisa,positive,False,sales_inquiry,N/A,N/A,CUST51840,AGENT5097,English,poor,yes,no
call_001567.json,1567,support,2025-09-20,10:00:13,46.9,Lisa,positive,True,retention,N/A,N/A,CUST64117,AGENT1919,English,good,yes,no
call_001568.json,1568,support,2025-08-12,16:56:09,44.3,James,positive,True,sales_inquiry,N/A,N/A,CUST95981,AGENT3832,English,good,no,no
call_001569.json,1569,billing,2025-10-12,11:11:47,44.0,James,neutral,False,sales_inquiry,N/A,N/A,CUST43784,AGENT5544,English,fair,no,yes
call_001570.json,1570,technical,2025-10-21,17:33:46,40.5,Lisa,negative,False,device,N/A,N/A,CUST29384,AGENT5350,English,poor,yes,no
call_001571.json,1571,technical,2025-10-23,13:26:37,38.3,Sarah,neutral,False,technical_support,N/A,N/A,CUST18421,AGENT3305,English,fair,yes,no
call_001572.json,1572,general,2025-11-04,10:59:50,42.3,Jennifer,negative,False,retention,N/A,N/A,CUST27963,AGENT2532,English,poor,yes,no
call_001573.json,1573,support,2025-08-23,11:07:04,42.4,Mike,positive,False,service_quality,N/A,N/A,CUST34275,AGENT4682,English,excellent,yes,no
call_001574.json,1574,general,2025-09-12,16:58:32,37.4,Lisa,neutral,True,service_quality,N/A,N/A,CUST36459,AGENT2256,English,excellent,no,no
call_001575.json,1575,account,2025-09-11,11:10:58,39.0,Mike,neutral,True,complaint,N/A,N/A,CUST23721,AGENT8597,English,fair,yes,no
call_001576.json,1576,technical,2025-10-31,16:26:37,43.0,Jennifer,positive,True,complaint,N/A,N/A,CUST24542,AGENT5571,English,good,yes,no
call_001577.json,1577,account,2025-08-31,14:25:20,36.1,Jennifer,negative,True,technical_support,N/A,N/A,CUST97614,AGENT8755,English,excellent,no,no
call_001578.json,1578,technical,2025-10-06,16:59:27,38.5,Jennifer,negative,False,billing,N/A,N/A,CUST38574,AGENT2365,English,excellent,yes,yes
call_001579.json,1579,billing,2025-09-11,13:30:59,41.6,Sarah,neutral,True,connectivity,N/A,N/A,CUST77912,AGENT2142,English,fair,yes,yes
call_001580.json,1580,retention,2025-09-26,10:39:06,47.3,James,neutral,False,sales_inquiry,N/A,N/A,CUST55232,AGENT4321,English,poor,no,no
call_001581.json,1581,technical,2025-08-27,12:12:39,39.9,Lisa,positive,True,retention,N/A,N/A,CUST23786,AGENT6127,English,excellent,yes,yes
call_001582.json,1582,sales,2025-09-11,14:09:38,48.5,David,negative,N/A,retention,True,Mobile Plan,CUST45775,AGENT7377,English,poor,yes,yes
call_001583.json,1583,retention,2025-09-22,15:17:20,44.3,James,positive,False,sales_inquiry,N/A,N/A,CUST48117,AGENT6116,English,good,yes,yes
call_001584.json,1584,sales,2025-09-01,12:35:05,49.8,Mike,negative,N/A,technical_support,False,Mobile Plan,CUST30935,AGENT9031,English,poor,yes,yes
call_001585.json,1585,billing,2025-10-11,14:24:05,45.0,Jennifer,neutral,True,inquiry,N/A,N/A,CUST63073,AGENT8496,English,excellent,no,no
call_001586.json,1586,general,2025-09-10,11:53:16,41.8,James,negative,True,inquiry,N/A,N/A,CUST91400,AGENT3453,English,fair,yes,no
call_001587.json,1587,technical,2025-10-24,15:35:51,39.7,Emily,negative,False,billing,N/A,N/A,CUST29043,AGENT6856,English,good,yes,yes
call_001588.json,1588,account,2025-10-01,10:27:42,43.9,James,negative,True,sales_inquiry,N/A,N/A,CUST69005,AGENT8251,English,good,yes,yes
call_001589.json,1589,billing,2025-08-23,15:09:39,39.5,Jennifer,positive,False,service_quality,N/A,N/A,CUST53718,AGENT2927,English,good,no,no
call_001590.json,1590,support,2025-11-02,14:57:44,46.2,Sarah,positive,True,complaint,N/A,N/A,CUST36823,AGENT8404,English,fair,no,no
call_001591.json,1591,account,2025-11-07,15:21:31,38.0,James,negative,False,sales_inquiry,N/A,N/A,CUST43908,AGENT6016,English,poor,yes,yes
call_001592.json,1592,support,2025-09-01,09:54:19,46.4,Lisa,negative,True,complaint,N/A,N/A,CUST98778,AGENT1695,English,poor,no,no
call_001593.json,1593,support,2025-10-23,16:48:51,48.0,Lisa,neutral,False,account,N/A,N/A,CUST51604,AGENT6367,English,poor,yes,no
call_001594.json,1594,sales,2025-11-01,09:53:04,50.3,James,positive,N/A,billing,False,Bundles,CUST93407,AGENT3156,English,excellent,yes,no
call_001595.json,1595,support,2025-09-06,13:53:18,43.2,Jennifer,neutral,False,sales_inquiry,N/A,N/A,CUST46246,AGENT2536,English,good,no,yes
call_001596.json,1596,general,2025-10-16,10:39:41,47.6,Mike,positive,False,connectivity,N/A,N/A,CUST80935,AGENT2443,English,excellent,no,yes
call_001597.json,1597,retention,2025-09-24,13:50:57,46.8,Emily,positive,True,technical_support,N/A,N/A,CUST60559,AGENT3265,English,good,no,no
call_001598.json,1598,technical,2025-09-11,08:15:14,41.3,Lisa,neutral,False,connectivity,N/A,N/A,CUST31263,AGENT5527,English,poor,no,no
call_001599.json,1599,technical,2025-11-03,11:41:40,36.5,Emily,negative,False,technical_support,N/A,N/A,CUST74532,AGENT1668,English,fair,yes,yes
call_001600.json,1600,retention,2025-11-06,13:18:03,47.6,Lisa,negative,True,sales_inquiry,N/A,N/A,CUST84707,AGENT7975,English,fair,yes,no
call_001601.json,1601,account,2025-10-24,09:49:44,39.0,Jennifer,neutral,False,inquiry,N/A,N/A,CUST92066,AGENT3604,English,poor,yes,no
call_001602.json,1602,support,2025-09-05,13:04:27,43.6,James,positive,True,connectivity,N/A,N/A,CUST35997,AGENT2793,English,good,yes,yes
call_001603.json,1603,billing,2025-10-04,13:12:33,45.8,Lisa,positive,False,billing,N/A,N/A,CUST31694,AGENT3044,English,poor,no,yes
call_001604.json,1604,general,2025-09-17,12:37:11,46.6,Lisa,negative,False,account,N/A,N/A,CUST30386,AGENT8245,English,good,no,no
call_001605.json,1605,general,2025-09-19,10:24:02,38.6,Robert,positive,True,technical_support,N/A,N/A,CUST54931,AGENT4748,English,fair,no,no
call_001606.json,1606,account,2025-08-19,15:26:08,43.4,Robert,negative,True,technical_support,N/A,N/A,CUST21991,AGENT8464,English,good,yes,yes
call_001607.json,1607,sales,2025-09-22,10:09:56,43.1,David,positive,N/A,account,True,TV Package,CUST41575,AGENT4454,English,poor,no,no
call_001608.json,1608,account,2025-08-23,14:26:09,37.2,Robert,neutral,False,retention,N/A,N/A,CUST27476,AGENT6571,English,excellent,no,yes
call_001609.json,1609,support,2025-11-08,11:55:30,43.9,Jennifer,positive,False,account,N/A,N/A,CUST67968,AGENT7633,English,poor,yes,yes
call_001610.json,1610,sales,2025-08-29,12:07:32,47.7,Emily,neutral,N/A,complaint,True,TV Package,CUST39809,AGENT7210,English,excellent,yes,yes
call_001611.json,1611,sales,2025-10-15,11:08:56,46.5,Sarah,neutral,N/A,billing,True,TV Package,CUST94414,AGENT6549,English,good,no,yes
call_001612.json,1612,support,2025-09-26,09:54:14,45.6,David,negative,True,billing,N/A,N/A,CUST86731,AGENT2995,English,fair,yes,no
call_001613.json,1613,technical,2025-10-04,09:33:59,49.3,David,positive,True,technical_support,N/A,N/A,CUST64545,AGENT3094,English,good,yes,yes
call_001614.json,1614,account,2025-08-14,10:52:42,44.7,David,positive,False,device,N/A,N/A,CUST64472,AGENT4966,English,excellent,yes,yes
call_001615.json,1615,technical,2025-10-28,13:13:03,45.6,David,negative,True,complaint,N/A,N/A,CUST11932,AGENT5633,English,excellent,yes,no
call_001616.json,1616,general,2025-08-13,12:56:07,46.5,Emily,positive,False,sales_inquiry,N/A,N/A,CUST38649,AGENT6129,English,excellent,yes,yes
call_001617.json,1617,billing,2025-08-24,16:52:15,37.8,Jennifer,positive,False,device,N/A,N/A,CUST91948,AGENT4653,English,good,yes,no
call_001618.json,1618,technical,2025-10-01,09:06:44,41.7,James,positive,False,device,N/A,N/A,CUST18584,AGENT3138,English,poor,yes,yes
call_001619.json,1619,account,2025-10-02,15:05:31,39.9,Sarah,neutral,False,retention,N/A,N/A,CUST24052,AGENT6239,English,fair,no,no
call_001620.json,1620,account,2025-11-03,09:42:33,45.3,Emily,neutral,False,inquiry,N/A,N/A,CUST68286,AGENT4906,English,good,yes,no
call_001621.json,1621,general,2025-09-13,11:17:25,44.6,James,positive,False,inquiry,N/A,N/A,CUST77590,AGENT8132,English,poor,no,no
call_001622.json,1622,support,2025-09-08,14:28:44,45.6,Mike,neutral,False,billing,N/A,N/A,CUST31457,AGENT5405,English,fair,yes,yes
call_001623.json,1623,billing,2025-08-15,13:43:51,43.7,David,negative,False,technical_support,N/A,N/A,CUST53584,AGENT8276,English,fair,no,no
call_001624.json,1624,retention,2025-10-24,11:44:09,46.1,Mike,positive,True,complaint,N/A,N/A,CUST87293,AGENT1206,English,excellent,no,yes
call_001625.json,1625,support,2025-10-12,10:14:47,47.8,Emily,positive,False,account,N/A,N/A,CUST52816,AGENT2668,English,fair,yes,no
call_001626.json,1626,sales,2025-09-28,09:22:21,51.8,David,positive,N/A,sales_inquiry,False,Add-on Service,CUST73983,AGENT5492,English,poor,no,yes
call_001627.json,1627,general,2025-10-26,11:53:00,47.2,Jennifer,neutral,True,account,N/A,N/A,CUST69465,AGENT8042,English,excellent,no,yes
call_001628.json,1628,account,2025-09-06,16:27:39,39.9,Mike,negative,True,billing,N/A,N/A,CUST82729,AGENT7632,English,poor,yes,no
call_001629.json,1629,support,2025-08-22,17:57:50,42.9,Lisa,positive,True,account,N/A,N/A,CUST45426,AGENT6801,English,poor,no,yes
call_001630.json,1630,general,2025-09-11,09:24:35,42.5,David,negative,True,billing,N/A,N/A,CUST35277,AGENT9986,English,good,no,yes
call_001631.json,1631,general,2025-10-12,09:56:21,39.5,James,negative,False,device,N/A,N/A,CUST31324,AGENT8950,English,excellent,yes,yes
call_001632.json,1632,retention,2025-09-09,10:18:21,44.1,James,neutral,False,connectivity,N/A,N/A,CUST83481,AGENT4883,English,good,yes,yes
call_001633.json,1633,account,2025-08-25,10:29:37,46.6,Robert,negative,True,inquiry,N/A,N/A,CUST74860,AGENT4144,English,fair,yes,yes
call_001634.json,1634,account,2025-10-25,17:29:46,43.5,Lisa,negative,True,connectivity,N/A,N/A,CUST97949,AGENT6032,English,poor,no,no
call_001635.json,1635,account,2025-10-03,11:38:56,42.5,Robert,neutral,True,retention,N/A,N/A,CUST65138,AGENT9254,English,good,no,yes
call_001636.json,1636,general,2025-10-25,10:15:43,44.6,David,negative,False,retention,N/A,N/A,CUST96066,AGENT1135,English,good,yes,yes
call_001637.json,1637,account,2025-09-01,13:45:55,42.4,James,positive,False,retention,N/A,N/A,CUST31030,AGENT3773,English,excellent,no,yes
call_001638.json,1638,technical,2025-09-21,10:35:24,38.5,Mike,neutral,True,service_quality,N/A,N/A,CUST20321,AGENT2125,English,poor,yes,no
call_001639.json,1639,technical,2025-08-30,09:44:57,43.2,Sarah,positive,True,retention,N/A,N/A,CUST22780,AGENT8924,English,fair,no,no
call_001640.json,1640,account,2025-09-25,14:13:37,45.0,Sarah,neutral,False,service_quality,N/A,N/A,CUST99071,AGENT9804,English,poor,no,yes
call_001641.json,1641,sales,2025-09-07,13:41:48,42.6,Lisa,positive,N/A,sales_inquiry,False,Add-on Service,CUST62974,AGENT9803,English,excellent,no,yes
call_001642.json,1642,billing,2025-10-03,12:29:54,42.7,Robert,negative,False,retention,N/A,N/A,CUST59827,AGENT3758,English,good,no,no
call_001643.json,1643,technical,2025-10-22,15:42:35,44.4,David,neutral,False,billing,N/A,N/A,CUST92604,AGENT4105,English,poor,yes,no
call_001644.json,1644,retention,2025-11-06,14:31:31,45.3,Sarah,negative,False,account,N/A,N/A,CUST64758,AGENT9921,English,fair,yes,yes
call_001645.json,1645,technical,2025-10-11,11:07:02,43.6,Lisa,neutral,False,retention,N/A,N/A,CUST92478,AGENT5941,English,poor,no,yes
call_001646.json,1646,sales,2025-09-19,15:55:45,39.9,Mike,positive,N/A,connectivity,False,Broadband,CUST11374,AGENT5689,English,poor,no,no
call_001647.json,1647,support,2025-10-04,09:38:24,42.2,Mike,positive,False,device,N/A,N/A,CUST81364,AGENT6108,English,excellent,no,no
call_001648.json,1648,technical,2025-09-18,16:30:46,43.2,Lisa,neutral,False,inquiry,N/A,N/A,CUST60377,AGENT8443,English,good,no,no
call_001649.json,1649,technical,2025-11-03,13:34:15,46.4,Sarah,negative,True,technical_support,N/A,N/A,CUST85777,AGENT6293,English,poor,yes,yes
call_001650.json,1650,billing,2025-09-22,17:39:15,41.7,Jennifer,neutral,True,device,N/A,N/A,CUST42124,AGENT3268,English,good,no,no
call_001651.json,1651,retention,2025-10-09,13:18:27,43.3,David,neutral,True,inquiry,N/A,N/A,CUST34273,AGENT5089,English,good,no,no
call_001652.json,1652,sales,2025-11-01,15:42:15,45.8,Lisa,positive,N/A,account,True,Device,CUST61060,AGENT2844,English,good,yes,yes
call_001653.json,1653,sales,2025-10-11,17:00:44,48.6,Mike,negative,N/A,billing,False,Bundles,CUST53126,AGENT4716,English,good,no,yes
call_001654.json,1654,general,2025-11-06,14:22:25,49.7,David,negative,True,billing,N/A,N/A,CUST28970,AGENT2838,English,poor,no,no
call_001655.json,1655,sales,2025-08-28,17:47:23,39.9,Emily,neutral,N/A,account,True,Mobile Plan,CUST49507,AGENT3191,English,excellent,no,no
call_001656.json,1656,technical,2025-11-04,17:51:50,37.7,Sarah,neutral,True,complaint,N/A,N/A,CUST71517,AGENT3778,English,poor,no,no
call_001657.json,1657,sales,2025-09-23,14:13:58,50.5,James,positive,N/A,billing,False,TV Package,CUST61894,AGENT1484,English,good,yes,no
call_001658.json,1658,retention,2025-09-22,15:42:00,42.3,James,negative,True,inquiry,N/A,N/A,CUST86767,AGENT8267,English,fair,yes,no
call_001659.json,1659,support,2025-11-08,12:39:16,47.2,Emily,positive,False,service_quality,N/A,N/A,CUST95207,AGENT2164,English,fair,yes,no
call_001660.json,1660,support,2025-09-16,12:02:56,44.1,Lisa,neutral,False,connectivity,N/A,N/A,CUST54107,AGENT5716,English,fair,no,yes
call_001661.json,1661,retention,2025-10-14,16:34:05,49.6,Jennifer,negative,True,complaint,N/A,N/A,CUST74055,AGENT2831,English,poor,no,no
call_001662.json,1662,retention,2025-10-06,15:40:11,43.4,James,neutral,True,retention,N/A,N/A,CUST27716,AGENT6101,English,fair,no,no
call_001663.json,1663,technical,2025-10-07,08:56:39,45.0,James,neutral,False,retention,N/A,N/A,CUST69467,AGENT6061,English,excellent,no,yes
call_001664.json,1664,general,2025-10-08,17:36:14,41.0,Jennifer,neutral,True,inquiry,N/A,N/A,CUST46430,AGENT6655,English,good,yes,no
call_001665.json,1665,retention,2025-08-17,10:47:50,43.4,Mike,negative,True,complaint,N/A,N/A,CUST82052,AGENT3887,English,poor,yes,yes
call_001666.json,1666,support,2025-09-02,17:41:49,37.1,Emily,negative,False,service_quality,N/A,N/A,CUST34814,AGENT8834,English,poor,yes,no
call_001667.json,1667,sales,2025-10-22,16:07:36,46.6,James,neutral,N/A,service_quality,False,Broadband,CUST17355,AGENT4515,English,good,no,no
call_001668.json,1668,technical,2025-09-20,12:28:20,38.5,Robert,negative,True,complaint,N/A,N/A,CUST42684,AGENT4990,English,fair,no,no
call_001669.json,1669,sales,2025-10-24,09:16:46,47.5,Jennifer,negative,N/A,inquiry,True,Broadband,CUST21922,AGENT3879,English,good,no,no
call_001670.json,1670,sales,2025-08-31,12:47:14,50.9,Mike,negative,N/A,technical_support,True,Broadband,CUST87950,AGENT8775,English,good,yes,yes
call_001671.json,1671,technical,2025-10-21,17:11:14,42.9,Robert,neutral,False,service_quality,N/A,N/A,CUST64016,AGENT8874,English,excellent,no,no
call_001672.json,1672,technical,2025-10-08,15:24:22,38.0,Mike,negative,False,device,N/A,N/A,CUST13794,AGENT6686,English,poor,yes,yes
call_001673.json,1673,retention,2025-11-01,16:37:12,46.3,Lisa,neutral,False,connectivity,N/A,N/A,CUST92094,AGENT2099,English,poor,yes,no
call_001674.json,1674,account,2025-10-20,14:52:48,42.5,Lisa,positive,False,retention,N/A,N/A,CUST17595,AGENT5741,English,poor,yes,no
call_001675.json,1675,technical,2025-10-09,16:46:59,45.0,James,positive,True,sales_inquiry,N/A,N/A,CUST60767,AGENT8910,English,fair,yes,no
call_001676.json,1676,billing,2025-09-01,16:33:35,45.0,David,neutral,True,device,N/A,N/A,CUST73968,AGENT1859,English,good,yes,yes
call_001677.json,1677,billing,2025-10-21,12:41:24,45.5,Mike,positive,False,retention,N/A,N/A,CUST56532,AGENT6155,English,poor,no,yes
call_001678.json,1678,sales,2025-10-06,15:22:48,46.5,James,positive,N/A,account,True,Broadband,CUST91245,AGENT8335,English,good,yes,yes
call_001679.json,1679,billing,2025-08-14,15:30:42,43.2,Jennifer,negative,False,device,N/A,N/A,CUST93826,AGENT2719,English,good,no,yes
call_001680.json,1680,support,2025-09-15,13:05:26,48.1,Lisa,negative,True,complaint,N/A,N/A,CUST15503,AGENT1511,English,fair,no,yes
call_001681.json,1681,support,2025-10-24,13:22:42,44.4,Robert,positive,True,service_quality,N/A,N/A,CUST36474,AGENT4224,English,fair,yes,yes
call_001682.json,1682,sales,2025-08-30,15:26:52,47.3,Mike,positive,N/A,sales_inquiry,False,Add-on Service,CUST72978,AGENT9645,English,fair,no,yes
call_001683.json,1683,sales,2025-10-26,14:15:51,41.1,Lisa,negative,N/A,retention,True,Bundles,CUST82925,AGENT5712,English,fair,no,yes
call_001684.json,1684,technical,2025-08-12,12:00:36,43.9,Jennifer,neutral,False,inquiry,N/A,N/A,CUST64114,AGENT6766,English,poor,no,no
call_001685.json,1685,retention,2025-10-19,17:21:24,41.5,Emily,neutral,False,connectivity,N/A,N/A,CUST34888,AGENT1473,English,good,yes,yes
call_001686.json,1686,account,2025-09-25,17:26:08,40.3,Robert,negative,True,retention,N/A,N/A,CUST64217,AGENT4870,English,excellent,yes,no
call_001687.json,1687,technical,2025-08-12,16:19:10,37.7,David,negative,False,inquiry,N/A,N/A,CUST58225,AGENT4947,English,good,no,yes
call_001688.json,1688,account,2025-11-08,11:39:23,41.7,Lisa,positive,False,connectivity,N/A,N/A,CUST97398,AGENT9979,English,fair,yes,yes
call_001689.json,1689,retention,2025-10-24,15:17:44,46.3,Robert,negative,False,complaint,N/A,N/A,CUST48867,AGENT8460,English,good,no,yes
call_001690.json,1690,billing,2025-10-22,13:43:48,44.0,Lisa,neutral,False,complaint,N/A,N/A,CUST62023,AGENT9354,English,excellent,yes,yes
call_001691.json,1691,billing,2025-09-29,14:46:29,45.3,Lisa,negative,True,sales_inquiry,N/A,N/A,CUST58609,AGENT5763,English,poor,yes,no
call_001692.json,1692,account,2025-08-17,17:14:25,44.0,James,negative,True,service_quality,N/A,N/A,CUST16211,AGENT8915,English,poor,yes,yes
call_001693.json,1693,retention,2025-09-27,09:16:14,40.1,Jennifer,negative,True,service_quality,N/A,N/A,CUST38546,AGENT9877,English,good,no,yes
call_001694.json,1694,support,2025-08-19,08:15:49,47.1,Emily,negative,False,device,N/A,N/A,CUST50957,AGENT3837,English,good,yes,no
call_001695.json,1695,support,2025-08-24,17:53:31,46.3,James,negative,True,billing,N/A,N/A,CUST71894,AGENT9567,English,poor,yes,no
call_001696.json,1696,retention,2025-10-15,14:14:22,44.4,Emily,negative,False,service_quality,N/A,N/A,CUST35050,AGENT2920,English,good,yes,yes
call_001697.json,1697,support,2025-11-09,17:13:48,39.7,Jennifer,negative,True,connectivity,N/A,N/A,CUST51980,AGENT8883,English,poor,no,yes
call_001698.json,1698,billing,2025-09-02,08:54:24,45.2,Sarah,neutral,False,billing,N/A,N/A,CUST74920,AGENT8844,English,excellent,no,yes
call_001699.json,1699,account,2025-09-03,17:08:07,34.0,Mike,positive,True,sales_inquiry,N/A,N/A,CUST82715,AGENT6718,English,excellent,no,no
call_001700.json,1700,account,2025-09-11,08:21:39,41.6,David,negative,True,device,N/A,N/A,CUST93598,AGENT6193,English,excellent,yes,no
call_001701.json,1701,sales,2025-11-01,17:44:54,45.3,Sarah,neutral,N/A,retention,True,Mobile Plan,CUST56927,AGENT1134,English,excellent,yes,yes
call_001702.json,1702,general,2025-09-13,14:01:06,39.4,Lisa,negative,False,complaint,N/A,N/A,CUST35983,AGENT4062,English,fair,no,yes
call_001703.json,1703,retention,2025-09-24,15:45:19,49.3,Emily,negative,True,account,N/A,N/A,CUST50891,AGENT3998,English,fair,no,yes
call_001704.json,1704,sales,2025-11-07,10:56:21,46.8,Jennifer,negative,N/A,inquiry,False,Device,CUST52502,AGENT9262,English,fair,no,no
call_001705.json,1705,sales,2025-09-06,17:50:13,48.4,David,negative,N/A,retention,True,Device,CUST35399,AGENT7371,English,good,yes,yes
call_001706.json,1706,billing,2025-11-06,11:28:48,46.0,Jennifer,neutral,False,account,N/A,N/A,CUST92535,AGENT6671,English,fair,yes,no
call_001707.json,1707,retention,2025-10-04,14:20:16,39.9,David,positive,True,complaint,N/A,N/A,CUST23819,AGENT4368,English,good,yes,yes
call_001708.json,1708,general,2025-10-12,14:56:01,43.3,Emily,positive,False,service_quality,N/A,N/A,CUST94050,AGENT5596,English,poor,yes,no
call_001709.json,1709,retention,2025-09-18,09:13:31,48.3,Sarah,neutral,True,connectivity,N/A,N/A,CUST41937,AGENT5286,English,excellent,no,no
call_001710.json,1710,account,2025-10-20,13:03:53,43.5,Robert,positive,False,inquiry,N/A,N/A,CUST34906,AGENT4114,English,good,yes,yes
call_001711.json,1711,support,2025-09-23,13:04:15,38.7,Emily,negative,True,connectivity,N/A,N/A,CUST83903,AGENT7425,English,good,no,yes
call_001712.json,1712,general,2025-10-02,15:33:47,43.3,Emily,neutral,True,device,N/A,N/A,CUST89813,AGENT3404,English,fair,yes,no
call_001713.json,1713,general,2025-10-05,12:49:22,35.5,Emily,neutral,True,connectivity,N/A,N/A,CUST69059,AGENT8118,English,fair,no,no
call_001714.json,1714,account,2025-10-04,10:40:57,37.6,Mike,neutral,False,connectivity,N/A,N/A,CUST44614,AGENT2647,English,poor,yes,no
call_001715.json,1715,sales,2025-09-06,14:22:34,48.0,Lisa,positive,N/A,device,False,Add-on Service,CUST63092,AGENT4838,English,excellent,yes,no
call_001716.json,1716,general,2025-09-11,15:44:01,39.1,Mike,negative,True,billing,N/A,N/A,CUST85416,AGENT9618,English,good,no,no
call_001717.json,1717,retention,2025-11-08,09:11:39,45.4,Mike,neutral,False,technical_support,N/A,N/A,CUST56106,AGENT9225,English,fair,no,no
call_001718.json,1718,technical,2025-10-17,17:37:08,35.6,David,neutral,False,sales_inquiry,N/A,N/A,CUST39372,AGENT4196,English,poor,yes,yes
call_001719.json,1719,account,2025-11-06,17:28:54,47.6,Robert,positive,False,billing,N/A,N/A,CUST80181,AGENT2531,English,fair,no,no
call_001720.json,1720,sales,2025-10-25,14:07:02,43.4,Emily,positive,N/A,device,False,Mobile Plan,CUST77093,AGENT2343,English,excellent,yes,yes
call_001721.json,1721,technical,2025-11-03,15:30:07,36.1,Sarah,neutral,True,inquiry,N/A,N/A,CUST61848,AGENT9122,English,poor,no,no
call_001722.json,1722,support,2025-09-17,14:28:15,39.5,Emily,neutral,False,billing,N/A,N/A,CUST54966,AGENT7043,English,good,no,no
call_001723.json,1723,support,2025-10-17,16:55:33,46.4,James,negative,False,retention,N/A,N/A,CUST11516,AGENT1269,English,fair,yes,no
call_001724.json,1724,support,2025-09-15,16:39:22,44.3,David,neutral,False,device,N/A,N/A,CUST90425,AGENT8693,English,fair,yes,yes
call_001725.json,1725,general,2025-10-26,08:18:11,46.9,David,positive,True,service_quality,N/A,N/A,CUST27971,AGENT6249,English,fair,no,no
call_001726.json,1726,account,2025-10-08,08:33:31,47.2,David,positive,False,inquiry,N/A,N/A,CUST81021,AGENT2640,English,poor,yes,no
call_001727.json,1727,support,2025-10-09,16:06:48,46.9,Robert,neutral,False,retention,N/A,N/A,CUST84622,AGENT9768,English,fair,yes,no
call_001728.json,1728,technical,2025-10-01,13:11:04,43.0,Sarah,positive,False,inquiry,N/A,N/A,CUST15278,AGENT3725,English,poor,no,yes
call_001729.json,1729,sales,2025-10-08,16:56:32,39.7,Robert,negative,N/A,sales_inquiry,False,Mobile Plan,CUST84422,AGENT6229,English,fair,no,yes
call_001730.json,1730,support,2025-09-09,13:14:38,44.2,Jennifer,positive,False,billing,N/A,N/A,CUST60170,AGENT2699,English,good,no,no
call_001731.json,1731,account,2025-11-09,16:21:22,40.4,David,positive,False,service_quality,N/A,N/A,CUST32534,AGENT1575,English,poor,yes,yes
call_001732.json,1732,account,2025-10-28,15:14:43,40.6,Emily,positive,False,device,N/A,N/A,CUST83291,AGENT2357,English,fair,no,no
call_001733.json,1733,sales,2025-09-13,17:07:32,49.8,Mike,positive,N/A,device,True,Bundles,CUST39722,AGENT4612,English,excellent,no,no
call_001734.json,1734,support,2025-09-26,13:47:04,48.3,Emily,positive,True,account,N/A,N/A,CUST71224,AGENT1888,English,good,no,no
call_001735.json,1735,general,2025-10-07,14:33:40,38.3,James,negative,False,billing,N/A,N/A,CUST41771,AGENT9747,English,good,yes,yes
call_001736.json,1736,sales,2025-09-03,16:01:27,45.0,Emily,positive,N/A,inquiry,True,Broadband,CUST14848,AGENT5531,English,good,yes,yes
call_001737.json,1737,billing,2025-10-17,17:14:53,39.1,Jennifer,positive,False,billing,N/A,N/A,CUST43972,AGENT4806,English,good,yes,yes
call_001738.json,1738,sales,2025-08-17,12:00:27,47.4,Robert,negative,N/A,service_quality,False,Add-on Service,CUST92414,AGENT7254,English,poor,no,no
call_001739.json,1739,support,2025-09-06,11:50:19,40.3,James,positive,True,account,N/A,N/A,CUST60617,AGENT5453,English,fair,no,no
call_001740.json,1740,technical,2025-10-05,17:42:08,36.2,David,positive,False,complaint,N/A,N/A,CUST44973,AGENT5861,English,fair,no,yes
call_001741.json,1741,technical,2025-10-26,14:37:26,46.1,Lisa,negative,False,complaint,N/A,N/A,CUST89549,AGENT3782,English,poor,no,no
call_001742.json,1742,general,2025-09-23,15:15:30,35.0,David,neutral,False,inquiry,N/A,N/A,CUST80909,AGENT5394,English,excellent,yes,yes
call_001743.json,1743,general,2025-09-25,12:09:25,48.8,Sarah,negative,False,inquiry,N/A,N/A,CUST79579,AGENT9529,English,good,yes,yes
call_001744.json,1744,account,2025-10-11,11:41:37,39.9,Mike,positive,True,connectivity,N/A,N/A,CUST91627,AGENT3521,English,excellent,yes,no
call_001745.json,1745,support,2025-10-09,16:26:05,47.2,Mike,negative,False,complaint,N/A,N/A,CUST95742,AGENT1444,English,fair,no,yes
call_001746.json,1746,retention,2025-10-30,11:40:51,44.6,David,positive,True,connectivity,N/A,N/A,CUST39354,AGENT3224,English,good,yes,yes
call_001747.json,1747,sales,2025-08-26,14:44:03,48.0,Robert,negative,N/A,retention,True,TV Package,CUST86333,AGENT4117,English,excellent,yes,no
call_001748.json,1748,support,2025-10-19,16:00:03,38.6,Robert,negative,True,sales_inquiry,N/A,N/A,CUST44475,AGENT9637,English,poor,yes,no
call_001749.json,1749,technical,2025-09-05,11:09:21,42.2,James,negative,False,technical_support,N/A,N/A,CUST20796,AGENT3593,English,poor,no,yes
call_001750.json,1750,technical,2025-08-22,11:33:24,42.7,Jennifer,neutral,False,service_quality,N/A,N/A,CUST12889,AGENT5288,English,poor,yes,no
call_001751.json,1751,general,2025-09-18,10:46:23,46.2,Jennifer,positive,False,inquiry,N/A,N/A,CUST39097,AGENT3843,English,good,no,yes
call_001752.json,1752,retention,2025-09-06,08:24:16,44.4,Lisa,negative,True,account,N/A,N/A,CUST92006,AGENT9387,English,fair,no,yes
call_001753.json,1753,sales,2025-09-30,11:58:52,45.9,Emily,neutral,N/A,account,False,Bundles,CUST32227,AGENT5355,English,good,yes,no
call_001754.json,1754,general,2025-11-03,09:06:33,46.1,Sarah,neutral,False,account,N/A,N/A,CUST65191,AGENT1917,English,poor,yes,no
call_001755.json,1755,support,2025-08-16,16:06:26,49.1,Robert,neutral,True,service_quality,N/A,N/A,CUST51582,AGENT9258,English,excellent,yes,yes
call_001756.json,1756,retention,2025-09-07,14:47:07,45.4,Emily,negative,False,inquiry,N/A,N/A,CUST33169,AGENT1780,English,good,no,no
call_001757.json,1757,sales,2025-08-19,15:21:38,42.0,James,neutral,N/A,account,False,Broadband,CUST91985,AGENT8439,English,good,no,no
call_001758.json,1758,support,2025-08-19,16:20:03,39.6,David,positive,True,sales_inquiry,N/A,N/A,CUST85153,AGENT7538,English,poor,yes,yes
call_001759.json,1759,technical,2025-08-22,17:41:37,43.6,Lisa,neutral,True,connectivity,N/A,N/A,CUST91249,AGENT6123,English,fair,no,yes
call_001760.json,1760,technical,2025-11-06,11:57:45,37.9,James,neutral,False,service_quality,N/A,N/A,CUST58015,AGENT4638,English,excellent,yes,no
call_001761.json,1761,retention,2025-08-14,16:24:04,45.6,David,neutral,False,complaint,N/A,N/A,CUST84684,AGENT5220,English,good,yes,no
call_001762.json,1762,sales,2025-10-04,12:06:34,47.8,Lisa,negative,N/A,technical_support,True,Mobile Plan,CUST14882,AGENT8278,English,excellent,yes,yes
call_001763.json,1763,account,2025-10-25,15:52:16,44.3,David,negative,True,account,N/A,N/A,CUST28145,AGENT7896,English,fair,yes,no
call_001764.json,1764,sales,2025-11-01,16:59:52,49.7,Jennifer,neutral,N/A,retention,True,Device,CUST33069,AGENT8966,English,excellent,yes,no
call_001765.json,1765,billing,2025-09-05,10:59:51,43.2,Sarah,negative,False,account,N/A,N/A,CUST41446,AGENT3761,English,excellent,yes,yes
call_001766.json,1766,support,2025-10-02,16:33:12,46.6,David,negative,False,technical_support,N/A,N/A,CUST61371,AGENT4265,English,fair,no,yes
call_001767.json,1767,general,2025-09-28,09:12:28,38.1,Emily,negative,False,billing,N/A,N/A,CUST76449,AGENT4831,English,fair,no,yes
call_001768.json,1768,general,2025-09-18,12:27:50,45.8,Jennifer,negative,True,billing,N/A,N/A,CUST61933,AGENT2950,English,fair,yes,yes
call_001769.json,1769,account,2025-09-26,08:41:28,47.1,Emily,positive,True,service_quality,N/A,N/A,CUST69934,AGENT8133,English,good,yes,yes
call_001770.json,1770,retention,2025-10-29,10:26:04,40.8,David,negative,True,technical_support,N/A,N/A,CUST46312,AGENT1601,English,fair,no,yes
call_001771.json,1771,support,2025-09-01,08:24:56,48.4,David,negative,True,account,N/A,N/A,CUST91014,AGENT7261,English,good,no,yes
call_001772.json,1772,technical,2025-08-26,13:41:51,47.5,Jennifer,negative,True,service_quality,N/A,N/A,CUST35203,AGENT3304,English,fair,no,yes
call_001773.json,1773,retention,2025-09-24,14:30:56,49.3,Jennifer,positive,True,inquiry,N/A,N/A,CUST47416,AGENT2169,English,fair,no,yes
call_001774.json,1774,account,2025-10-04,10:12:29,39.7,Lisa,neutral,False,complaint,N/A,N/A,CUST75765,AGENT6182,English,excellent,no,yes
call_001775.json,1775,retention,2025-09-01,08:44:38,44.9,Lisa,neutral,False,complaint,N/A,N/A,CUST84116,AGENT6628,English,excellent,no,no
call_001776.json,1776,general,2025-08-24,16:37:28,38.7,Robert,negative,True,sales_inquiry,N/A,N/A,CUST40038,AGENT2980,English,poor,yes,yes
call_001777.json,1777,technical,2025-10-23,12:48:46,44.3,Emily,negative,False,account,N/A,N/A,CUST36060,AGENT6220,English,excellent,no,yes
call_001778.json,1778,general,2025-09-14,14:05:51,45.3,Mike,positive,True,inquiry,N/A,N/A,CUST67540,AGENT7768,English,excellent,yes,yes
call_001779.json,1779,support,2025-09-04,14:03:11,40.7,Jennifer,negative,False,technical_support,N/A,N/A,CUST63319,AGENT4805,English,poor,yes,yes
call_001780.json,1780,general,2025-09-09,14:32:10,37.6,Emily,negative,True,inquiry,N/A,N/A,CUST88831,AGENT8148,English,poor,yes,yes
call_001781.json,1781,general,2025-08-29,10:23:31,44.8,Lisa,positive,True,sales_inquiry,N/A,N/A,CUST55617,AGENT6443,English,fair,yes,no
call_001782.json,1782,technical,2025-08-17,14:39:29,40.6,Robert,negative,False,technical_support,N/A,N/A,CUST97363,AGENT7739,English,poor,no,yes
call_001783.json,1783,general,2025-08-18,17:33:19,40.2,James,negative,True,account,N/A,N/A,CUST59341,AGENT4810,English,fair,no,yes
call_001784.json,1784,billing,2025-09-15,08:49:24,37.6,Emily,neutral,False,complaint,N/A,N/A,CUST31907,AGENT2324,English,poor,no,no
call_001785.json,1785,billing,2025-09-18,14:14:45,42.2,Emily,neutral,False,service_quality,N/A,N/A,CUST55767,AGENT7568,English,fair,no,yes
call_001786.json,1786,retention,2025-10-30,14:58:56,45.9,Lisa,positive,True,sales_inquiry,N/A,N/A,CUST29940,AGENT2917,English,fair,no,no
call_001787.json,1787,retention,2025-09-12,13:37:05,40.9,Lisa,neutral,True,billing,N/A,N/A,CUST93460,AGENT3791,English,poor,yes,yes
call_001788.json,1788,support,2025-08-18,16:08:52,44.9,David,negative,False,billing,N/A,N/A,CUST94506,AGENT6472,English,fair,no,yes
call_001789.json,1789,support,2025-10-21,11:41:46,45.9,David,negative,True,service_quality,N/A,N/A,CUST13956,AGENT2978,English,poor,yes,no
call_001790.json,1790,technical,2025-09-28,16:18:57,43.4,Lisa,positive,False,inquiry,N/A,N/A,CUST81411,AGENT2211,English,excellent,no,no
call_001791.json,1791,technical,2025-10-12,10:17:39,38.8,Robert,negative,True,service_quality,N/A,N/A,CUST82177,AGENT9066,English,good,no,yes
call_001792.json,1792,retention,2025-10-06,12:34:31,46.2,Sarah,positive,True,inquiry,N/A,N/A,CUST47721,AGENT4971,English,excellent,no,yes
call_001793.json,1793,sales,2025-10-15,15:51:14,48.9,Jennifer,positive,N/A,technical_support,True,TV Package,CUST11620,AGENT3943,English,poor,yes,no
call_001794.json,1794,retention,2025-09-17,08:55:53,46.6,Jennifer,neutral,True,retention,N/A,N/A,CUST80023,AGENT7864,English,poor,yes,no
call_001795.json,1795,retention,2025-09-22,10:22:49,44.7,Emily,neutral,False,retention,N/A,N/A,CUST45470,AGENT9403,English,fair,no,no
call_001796.json,1796,retention,2025-10-21,10:48:32,45.3,James,neutral,True,complaint,N/A,N/A,CUST13043,AGENT4738,English,good,no,yes
call_001797.json,1797,sales,2025-08-19,13:15:23,41.3,James,negative,N/A,complaint,False,Mobile Plan,CUST20043,AGENT6803,English,poor,yes,no
call_001798.json,1798,sales,2025-09-15,08:02:05,42.4,Mike,neutral,N/A,billing,True,Device,CUST21677,AGENT6990,English,poor,no,yes
call_001799.json,1799,retention,2025-10-15,08:17:12,43.4,Mike,negative,False,billing,N/A,N/A,CUST19149,AGENT4111,English,poor,no,yes
call_001800.json,1800,account,2025-08-25,11:31:09,40.5,David,positive,False,technical_support,N/A,N/A,CUST85428,AGENT6699,English,poor,yes,no
call_001801.json,1801,retention,2025-10-18,14:52:42,43.7,David,neutral,True,connectivity,N/A,N/A,CUST74250,AGENT5862,English,poor,yes,no
call_001802.json,1802,account,2025-10-27,13:50:38,49.8,David,negative,True,sales_inquiry,N/A,N/A,CUST51993,AGENT5911,English,fair,yes,no
call_001803.json,1803,sales,2025-08-25,10:54:20,45.0,James,negative,N/A,retention,False,Bundles,CUST13238,AGENT3330,English,poor,no,yes
call_001804.json,1804,support,2025-10-14,08:03:44,42.5,Jennifer,neutral,True,account,N/A,N/A,CUST13693,AGENT7030,English,poor,no,no
call_001805.json,1805,support,2025-10-22,16:30:37,49.1,Robert,negative,True,service_quality,N/A,N/A,CUST71929,AGENT4817,English,excellent,yes,yes
call_001806.json,1806,account,2025-11-04,11:08:41,41.7,Jennifer,positive,False,retention,N/A,N/A,CUST37417,AGENT7657,English,poor,no,yes
call_001807.json,1807,account,2025-09-05,16:11:17,42.6,Sarah,negative,True,billing,N/A,N/A,CUST81729,AGENT4494,English,good,no,no
call_001808.json,1808,technical,2025-10-05,11:40:34,46.5,Jennifer,positive,True,inquiry,N/A,N/A,CUST44840,AGENT2045,English,fair,yes,yes
call_001809.json,1809,billing,2025-08-12,08:44:53,45.1,Jennifer,negative,True,billing,N/A,N/A,CUST52041,AGENT3201,English,poor,no,no
call_001810.json,1810,support,2025-11-01,10:15:26,44.3,Emily,positive,True,account,N/A,N/A,CUST14878,AGENT8147,English,excellent,yes,no
call_001811.json,1811,retention,2025-10-18,15:07:48,48.0,James,negative,False,retention,N/A,N/A,CUST97803,AGENT2038,English,good,no,no
call_001812.json,1812,technical,2025-10-09,11:16:18,37.6,Lisa,negative,True,billing,N/A,N/A,CUST24998,AGENT1018,English,good,yes,yes
call_001813.json,1813,support,2025-10-28,15:19:47,39.2,David,negative,True,complaint,N/A,N/A,CUST63099,AGENT1716,English,excellent,no,no
call_001814.json,1814,general,2025-09-03,11:44:57,49.1,Jennifer,neutral,True,retention,N/A,N/A,CUST47955,AGENT6182,English,good,no,no
call_001815.json,1815,support,2025-09-22,09:26:11,47.0,Mike,negative,True,technical_support,N/A,N/A,CUST33879,AGENT4659,English,excellent,yes,no
call_001816.json,1816,sales,2025-11-08,10:56:45,44.3,David,negative,N/A,sales_inquiry,False,Add-on Service,CUST69744,AGENT7857,English,fair,yes,yes
call_001817.json,1817,technical,2025-09-06,17:53:10,46.1,Sarah,neutral,True,sales_inquiry,N/A,N/A,CUST58102,AGENT5676,English,excellent,yes,no
call_001818.json,1818,sales,2025-09-20,14:03:19,46.8,Lisa,positive,N/A,retention,True,Broadband,CUST33772,AGENT5199,English,fair,yes,yes
call_001819.json,1819,support,2025-10-25,11:59:52,42.3,Sarah,positive,True,service_quality,N/A,N/A,CUST33185,AGENT9883,English,excellent,no,yes
call_001820.json,1820,retention,2025-08-28,09:29:42,39.3,Lisa,neutral,True,account,N/A,N/A,CUST85228,AGENT6236,English,good,yes,no
call_001821.json,1821,billing,2025-08-25,16:53:37,38.6,Lisa,negative,False,complaint,N/A,N/A,CUST83772,AGENT7313,English,good,no,no
call_001822.json,1822,billing,2025-09-25,10:04:19,39.3,David,positive,False,complaint,N/A,N/A,CUST53774,AGENT8924,English,fair,yes,no
call_001823.json,1823,billing,2025-09-08,12:42:21,47.5,David,positive,False,device,N/A,N/A,CUST56469,AGENT5985,English,poor,yes,no
call_001824.json,1824,support,2025-10-21,16:44:47,44.8,Robert,neutral,True,retention,N/A,N/A,CUST91188,AGENT9582,English,excellent,no,no
call_001825.json,1825,retention,2025-08-18,10:55:02,42.0,Robert,neutral,False,complaint,N/A,N/A,CUST30817,AGENT4322,English,fair,yes,no
call_001826.json,1826,account,2025-09-28,12:08:22,40.5,David,positive,True,inquiry,N/A,N/A,CUST50812,AGENT3497,English,good,yes,yes
call_001827.json,1827,sales,2025-08-20,16:26:36,46.9,Mike,positive,N/A,billing,True,Bundles,CUST46648,AGENT1907,English,good,yes,no
call_001828.json,1828,general,2025-10-16,17:22:18,41.8,Emily,neutral,True,billing,N/A,N/A,CUST48105,AGENT2816,English,poor,yes,yes
call_001829.json,1829,support,2025-10-06,12:26:38,42.0,Jennifer,negative,True,service_quality,N/A,N/A,CUST38224,AGENT1941,English,poor,no,yes
call_001830.json,1830,support,2025-10-27,10:35:31,38.9,James,negative,False,technical_support,N/A,N/A,CUST37190,AGENT4583,English,fair,yes,yes
call_001831.json,1831,support,2025-09-24,17:03:22,43.3,David,neutral,True,account,N/A,N/A,CUST15993,AGENT5296,English,fair,yes,yes
call_001832.json,1832,retention,2025-09-20,14:46:45,43.6,James,neutral,True,sales_inquiry,N/A,N/A,CUST40333,AGENT2097,English,excellent,yes,yes
call_001833.json,1833,account,2025-11-02,09:51:40,44.9,Sarah,neutral,False,account,N/A,N/A,CUST83407,AGENT9734,English,fair,no,no
call_001834.json,1834,support,2025-11-06,12:08:56,45.9,Mike,positive,True,billing,N/A,N/A,CUST47379,AGENT4946,English,excellent,no,no
call_001835.json,1835,billing,2025-09-18,10:13:58,42.7,Mike,negative,True,connectivity,N/A,N/A,CUST80221,AGENT2318,English,poor,yes,no
call_001836.json,1836,support,2025-11-05,08:50:10,44.5,James,neutral,True,device,N/A,N/A,CUST86364,AGENT6602,English,poor,yes,yes
call_001837.json,1837,billing,2025-10-13,12:43:19,39.2,David,neutral,False,billing,N/A,N/A,CUST90263,AGENT1592,English,excellent,yes,yes
call_001838.json,1838,sales,2025-10-15,16:08:32,46.6,Mike,neutral,N/A,retention,False,Add-on Service,CUST76644,AGENT2308,English,poor,yes,yes
call_001839.json,1839,billing,2025-09-29,12:44:39,40.9,Jennifer,negative,True,complaint,N/A,N/A,CUST20177,AGENT2895,English,excellent,yes,yes
call_001840.json,1840,technical,2025-09-30,11:01:39,44.6,Emily,negative,True,sales_inquiry,N/A,N/A,CUST27611,AGENT9055,English,poor,yes,no
call_001841.json,1841,account,2025-10-12,13:03:01,41.1,Emily,negative,False,account,N/A,N/A,CUST68192,AGENT7294,English,poor,yes,yes
call_001842.json,1842,sales,2025-09-01,09:24:12,43.7,Robert,neutral,N/A,service_quality,True,Add-on Service,CUST75639,AGENT2874,English,excellent,yes,no
call_001843.json,1843,support,2025-09-05,13:28:24,41.5,Jennifer,neutral,False,device,N/A,N/A,CUST96727,AGENT4459,English,poor,yes,yes
call_001844.json,1844,account,2025-10-18,17:06:11,39.1,Mike,neutral,True,retention,N/A,N/A,CUST20953,AGENT7545,English,fair,yes,yes
call_001845.json,1845,retention,2025-08-13,11:48:41,43.7,Emily,negative,False,sales_inquiry,N/A,N/A,CUST84760,AGENT9289,English,excellent,yes,yes
call_001846.json,1846,billing,2025-09-18,09:44:52,40.7,Sarah,negative,True,service_quality,N/A,N/A,CUST85010,AGENT5352,English,good,no,yes
call_001847.json,1847,billing,2025-10-29,13:19:00,48.8,Sarah,positive,False,inquiry,N/A,N/A,CUST83935,AGENT3777,English,good,yes,no
call_001848.json,1848,technical,2025-09-05,13:39:01,40.6,Emily,positive,True,service_quality,N/A,N/A,CUST15428,AGENT7863,English,good,yes,no
call_001849.json,1849,general,2025-08-28,09:11:10,39.4,David,neutral,False,billing,N/A,N/A,CUST88609,AGENT1235,English,fair,yes,no
call_001850.json,1850,support,2025-10-28,16:29:06,38.2,Robert,neutral,True,connectivity,N/A,N/A,CUST43719,AGENT1323,English,fair,no,no
call_001851.json,1851,billing,2025-11-09,14:42:43,46.0,Emily,positive,False,inquiry,N/A,N/A,CUST30793,AGENT2681,English,fair,yes,yes
call_001852.json,1852,retention,2025-08-11,12:18:37,43.4,Sarah,neutral,True,technical_support,N/A,N/A,CUST70642,AGENT2146,English,excellent,yes,no
call_001853.json,1853,support,2025-10-24,16:37:18,43.1,Sarah,positive,True,billing,N/A,N/A,CUST63652,AGENT7946,English,good,yes,no
call_001854.json,1854,billing,2025-08-23,17:52:00,45.0,Jennifer,negative,True,connectivity,N/A,N/A,CUST71257,AGENT3862,English,excellent,no,yes
call_001855.json,1855,billing,2025-08-11,17:18:58,37.4,Mike,positive,True,account,N/A,N/A,CUST29936,AGENT1402,English,excellent,yes,yes
call_001856.json,1856,sales,2025-09-13,14:26:17,42.6,Jennifer,positive,N/A,retention,False,Add-on Service,CUST21817,AGENT3408,English,fair,yes,no
call_001857.json,1857,retention,2025-08-22,10:31:35,40.1,Emily,negative,True,account,N/A,N/A,CUST40588,AGENT3943,English,fair,no,yes
call_001858.json,1858,billing,2025-09-30,10:24:52,44.6,Robert,positive,False,retention,N/A,N/A,CUST99331,AGENT2250,English,good,no,yes
call_001859.json,1859,billing,2025-11-01,10:11:00,45.6,Emily,negative,False,billing,N/A,N/A,CUST65204,AGENT4313,English,fair,no,no
call_001860.json,1860,account,2025-11-04,12:41:14,45.2,Mike,positive,True,connectivity,N/A,N/A,CUST81061,AGENT1461,English,fair,no,yes
call_001861.json,1861,support,2025-10-15,11:14:13,43.1,Sarah,positive,False,connectivity,N/A,N/A,CUST65499,AGENT6963,English,fair,no,no
call_001862.json,1862,support,2025-10-02,08:23:08,49.4,David,neutral,False,technical_support,N/A,N/A,CUST94207,AGENT7498,English,fair,yes,no
call_001863.json,1863,support,2025-10-15,13:35:17,43.7,Robert,neutral,False,complaint,N/A,N/A,CUST44806,AGENT3520,English,excellent,no,yes
call_001864.json,1864,account,2025-08-19,15:53:11,51.2,Lisa,neutral,True,inquiry,N/A,N/A,CUST15913,AGENT4812,English,good,yes,no
call_001865.json,1865,billing,2025-09-23,16:52:55,45.8,Mike,neutral,False,account,N/A,N/A,CUST61953,AGENT9543,English,good,no,yes
call_001866.json,1866,technical,2025-10-04,08:41:01,50.1,Sarah,negative,True,connectivity,N/A,N/A,CUST45835,AGENT6821,English,good,no,no
call_001867.json,1867,billing,2025-08-30,12:35:10,40.8,Emily,positive,False,retention,N/A,N/A,CUST55790,AGENT7342,English,fair,no,no
call_001868.json,1868,technical,2025-08-19,10:17:51,44.8,Lisa,positive,False,technical_support,N/A,N/A,CUST20421,AGENT4895,English,excellent,no,yes
call_001869.json,1869,general,2025-10-20,17:21:04,41.2,Jennifer,neutral,True,complaint,N/A,N/A,CUST58874,AGENT8185,English,poor,yes,yes
call_001870.json,1870,technical,2025-08-24,15:32:18,42.8,Robert,neutral,True,retention,N/A,N/A,CUST52071,AGENT3796,English,good,yes,no
call_001871.json,1871,billing,2025-09-27,15:26:01,46.7,Mike,neutral,True,technical_support,N/A,N/A,CUST12272,AGENT6276,English,poor,no,no
call_001872.json,1872,billing,2025-10-05,12:08:45,44.8,David,negative,True,billing,N/A,N/A,CUST22204,AGENT8923,English,good,no,no
call_001873.json,1873,sales,2025-10-22,13:32:59,47.4,James,neutral,N/A,complaint,True,TV Package,CUST63868,AGENT1721,English,fair,no,yes
call_001874.json,1874,sales,2025-10-26,08:03:32,39.0,Jennifer,neutral,N/A,service_quality,False,Device,CUST86439,AGENT6731,English,good,no,no
call_001875.json,1875,support,2025-10-23,17:28:32,46.8,Sarah,negative,True,retention,N/A,N/A,CUST60088,AGENT9897,English,good,no,no
call_001876.json,1876,account,2025-10-16,10:28:03,37.9,Lisa,negative,True,technical_support,N/A,N/A,CUST53526,AGENT5896,English,fair,yes,yes
call_001877.json,1877,technical,2025-08-12,09:59:09,40.5,Lisa,positive,True,connectivity,N/A,N/A,CUST24419,AGENT4719,English,good,no,no
call_001878.json,1878,account,2025-09-11,16:57:12,42.2,Robert,neutral,True,service_quality,N/A,N/A,CUST10139,AGENT2646,English,excellent,no,no
call_001879.json,1879,retention,2025-10-30,15:22:27,45.6,Jennifer,neutral,True,billing,N/A,N/A,CUST34835,AGENT8075,English,good,yes,yes
call_001880.json,1880,billing,2025-10-05,09:43:08,46.6,Emily,negative,True,inquiry,N/A,N/A,CUST82835,AGENT8021,English,excellent,yes,no
call_001881.json,1881,technical,2025-10-04,16:47:14,38.2,Sarah,neutral,True,sales_inquiry,N/A,N/A,CUST65214,AGENT3565,English,fair,yes,no
call_001882.json,1882,technical,2025-09-06,15:00:56,41.6,Mike,negative,True,complaint,N/A,N/A,CUST88658,AGENT6462,English,excellent,yes,yes
call_001883.json,1883,sales,2025-08-20,16:59:52,47.6,Mike,positive,N/A,connectivity,True,Bundles,CUST45467,AGENT5392,English,poor,yes,yes
call_001884.json,1884,technical,2025-09-29,11:22:48,42.9,Mike,negative,True,service_quality,N/A,N/A,CUST99429,AGENT3747,English,good,no,no
call_001885.json,1885,retention,2025-10-22,12:11:24,49.6,David,neutral,False,device,N/A,N/A,CUST77541,AGENT2303,English,excellent,no,yes
call_001886.json,1886,technical,2025-08-28,09:42:32,39.7,Mike,neutral,False,device,N/A,N/A,CUST45951,AGENT5497,English,excellent,no,yes
call_001887.json,1887,retention,2025-08-16,10:47:38,45.4,David,positive,True,retention,N/A,N/A,CUST71232,AGENT3484,English,excellent,no,yes
call_001888.json,1888,retention,2025-10-05,16:06:45,42.0,Emily,negative,False,sales_inquiry,N/A,N/A,CUST70090,AGENT5137,English,good,yes,yes
call_001889.json,1889,support,2025-08-30,10:14:17,46.2,Jennifer,neutral,False,device,N/A,N/A,CUST81720,AGENT3771,English,excellent,no,no
call_001890.json,1890,sales,2025-10-28,17:16:43,39.3,Jennifer,positive,N/A,connectivity,True,Device,CUST91051,AGENT5626,English,fair,yes,no
call_001891.json,1891,technical,2025-10-04,16:39:21,40.4,Sarah,negative,False,sales_inquiry,N/A,N/A,CUST61560,AGENT6329,English,fair,no,no
call_001892.json,1892,sales,2025-10-11,13:18:32,48.0,James,negative,N/A,inquiry,False,Mobile Plan,CUST23990,AGENT1379,English,good,yes,yes
call_001893.json,1893,billing,2025-09-01,15:22:59,39.7,Sarah,negative,True,device,N/A,N/A,CUST63187,AGENT5357,English,good,no,no
call_001894.json,1894,retention,2025-08-11,09:48:04,46.7,James,negative,False,service_quality,N/A,N/A,CUST24765,AGENT1169,English,excellent,yes,no
call_001895.json,1895,general,2025-09-26,09:18:36,40.2,Jennifer,neutral,True,retention,N/A,N/A,CUST64975,AGENT9113,English,fair,yes,yes
call_001896.json,1896,sales,2025-10-03,08:24:19,47.9,Emily,neutral,N/A,retention,False,Add-on Service,CUST16069,AGENT9726,English,poor,yes,no
call_001897.json,1897,billing,2025-10-17,10:13:13,48.9,Mike,negative,True,sales_inquiry,N/A,N/A,CUST11116,AGENT7825,English,fair,yes,no
call_001898.json,1898,technical,2025-09-23,12:30:08,37.6,Jennifer,negative,False,service_quality,N/A,N/A,CUST65740,AGENT4343,English,good,yes,yes
call_001899.json,1899,billing,2025-10-21,16:30:33,39.9,Robert,negative,False,technical_support,N/A,N/A,CUST30918,AGENT9080,English,good,no,no
call_001900.json,1900,support,2025-09-04,15:16:39,39.3,Emily,negative,True,technical_support,N/A,N/A,CUST14005,AGENT4569,English,good,no,no
call_001901.json,1901,technical,2025-08-19,09:35:44,46.0,Sarah,neutral,False,technical_support,N/A,N/A,CUST21191,AGENT8889,English,fair,yes,yes
call_001902.json,1902,account,2025-09-08,08:17:47,49.5,James,positive,True,billing,N/A,N/A,CUST22773,AGENT6953,English,excellent,no,no
call_001903.json,1903,account,2025-09-26,10:12:17,50.8,Robert,neutral,True,complaint,N/A,N/A,CUST49939,AGENT3000,English,poor,yes,yes
call_001904.json,1904,sales,2025-10-14,09:45:39,48.5,Jennifer,neutral,N/A,device,False,Mobile Plan,CUST90896,AGENT4435,English,good,yes,yes
call_001905.json,1905,account,2025-10-24,14:40:25,44.4,Lisa,negative,True,account,N/A,N/A,CUST17681,AGENT6872,English,poor,yes,no
call_001906.json,1906,retention,2025-09-06,15:22:03,39.2,James,positive,True,service_quality,N/A,N/A,CUST56921,AGENT4811,English,good,yes,no
call_001907.json,1907,account,2025-10-05,13:10:13,37.8,Robert,negative,True,complaint,N/A,N/A,CUST57919,AGENT3772,English,excellent,no,no
call_001908.json,1908,general,2025-08-22,14:51:16,43.0,Mike,positive,True,billing,N/A,N/A,CUST72726,AGENT7474,English,fair,no,yes
call_001909.json,1909,technical,2025-10-20,15:04:42,37.5,James,negative,False,technical_support,N/A,N/A,CUST21570,AGENT4545,English,good,yes,no
call_001910.json,1910,account,2025-09-13,12:53:34,44.3,Sarah,positive,False,service_quality,N/A,N/A,CUST99490,AGENT9269,English,poor,no,yes
call_001911.json,1911,billing,2025-08-14,13:20:25,44.5,Jennifer,positive,True,connectivity,N/A,N/A,CUST54668,AGENT3909,English,good,yes,yes
call_001912.json,1912,billing,2025-10-17,09:55:31,43.6,Mike,neutral,True,connectivity,N/A,N/A,CUST11946,AGENT9284,English,poor,yes,yes
call_001913.json,1913,retention,2025-11-08,11:40:06,49.5,Jennifer,negative,False,sales_inquiry,N/A,N/A,CUST41032,AGENT1726,English,poor,yes,yes
call_001914.json,1914,billing,2025-11-04,15:22:44,45.7,Robert,neutral,True,retention,N/A,N/A,CUST60010,AGENT5552,English,fair,yes,yes
call_001915.json,1915,sales,2025-09-24,14:38:28,46.8,David,positive,N/A,billing,True,Bundles,CUST64751,AGENT2287,English,poor,no,no
call_001916.json,1916,retention,2025-09-21,14:12:36,42.5,Lisa,positive,True,connectivity,N/A,N/A,CUST67820,AGENT4198,English,poor,no,no
call_001917.json,1917,billing,2025-08-12,13:26:11,36.6,Emily,positive,False,retention,N/A,N/A,CUST56777,AGENT8217,English,poor,no,no
call_001918.json,1918,account,2025-10-26,12:10:06,45.4,David,positive,True,retention,N/A,N/A,CUST27621,AGENT2433,English,good,yes,no
call_001919.json,1919,sales,2025-08-21,16:34:28,41.4,Jennifer,neutral,N/A,connectivity,True,Broadband,CUST56880,AGENT6532,English,fair,yes,yes
call_001920.json,1920,billing,2025-08-20,12:22:24,50.1,James,negative,True,connectivity,N/A,N/A,CUST86832,AGENT9429,English,excellent,no,no
call_001921.json,1921,sales,2025-08-18,14:00:49,46.6,Mike,positive,N/A,account,False,TV Package,CUST38155,AGENT4091,English,poor,yes,no
call_001922.json,1922,sales,2025-10-11,12:05:33,43.2,Robert,negative,N/A,billing,True,Broadband,CUST30872,AGENT2622,English,poor,no,yes
call_001923.json,1923,technical,2025-09-21,17:23:27,42.6,Jennifer,neutral,True,device,N/A,N/A,CUST82589,AGENT6269,English,excellent,no,yes
call_001924.json,1924,billing,2025-08-18,10:23:30,45.4,Jennifer,positive,True,service_quality,N/A,N/A,CUST50642,AGENT4769,English,good,no,yes
call_001925.json,1925,sales,2025-08-15,12:37:01,46.5,Lisa,positive,N/A,connectivity,False,TV Package,CUST19758,AGENT1468,English,good,yes,yes
call_001926.json,1926,sales,2025-09-21,11:36:14,50.8,Mike,negative,N/A,technical_support,True,Device,CUST26279,AGENT4875,English,excellent,yes,no
call_001927.json,1927,general,2025-10-16,14:54:22,42.3,Jennifer,negative,False,service_quality,N/A,N/A,CUST51650,AGENT5016,English,excellent,no,no
call_001928.json,1928,billing,2025-10-16,15:59:08,40.4,David,neutral,True,service_quality,N/A,N/A,CUST24077,AGENT8393,English,fair,yes,no
call_001929.json,1929,account,2025-09-09,12:42:31,41.5,Jennifer,neutral,False,retention,N/A,N/A,CUST54698,AGENT4550,English,excellent,no,yes
call_001930.json,1930,retention,2025-09-08,13:20:49,46.0,James,negative,False,inquiry,N/A,N/A,CUST58228,AGENT9443,English,good,yes,yes
call_001931.json,1931,billing,2025-08-16,12:53:37,44.4,James,positive,False,billing,N/A,N/A,CUST66231,AGENT8953,English,excellent,no,no
call_001932.json,1932,retention,2025-08-13,09:39:15,42.6,Emily,negative,True,inquiry,N/A,N/A,CUST15933,AGENT3638,English,excellent,yes,yes
call_001933.json,1933,general,2025-08-29,17:11:43,41.1,Lisa,neutral,False,complaint,N/A,N/A,CUST47384,AGENT7434,English,good,no,no
call_001934.json,1934,billing,2025-11-02,10:29:10,43.6,Emily,neutral,False,technical_support,N/A,N/A,CUST76455,AGENT3004,English,excellent,no,yes
call_001935.json,1935,technical,2025-08-29,15:01:31,45.9,Robert,positive,True,inquiry,N/A,N/A,CUST50533,AGENT9049,English,good,yes,no
call_001936.json,1936,sales,2025-10-24,11:04:53,43.4,Mike,negative,N/A,sales_inquiry,True,Add-on Service,CUST43668,AGENT3896,English,excellent,no,yes
call_001937.json,1937,general,2025-09-29,09:37:43,44.0,Lisa,neutral,True,technical_support,N/A,N/A,CUST69084,AGENT4634,English,excellent,yes,no
call_001938.json,1938,billing,2025-09-25,10:59:53,47.1,Emily,neutral,True,device,N/A,N/A,CUST81293,AGENT3714,English,fair,no,no
call_001939.json,1939,retention,2025-10-17,08:47:22,42.8,David,positive,False,technical_support,N/A,N/A,CUST61279,AGENT5600,English,excellent,yes,yes
call_001940.json,1940,account,2025-10-03,12:29:08,44.0,James,positive,False,technical_support,N/A,N/A,CUST22904,AGENT3152,English,excellent,yes,yes
call_001941.json,1941,account,2025-10-17,15:41:54,43.0,Emily,negative,False,complaint,N/A,N/A,CUST33761,AGENT8505,English,excellent,yes,no
call_001942.json,1942,technical,2025-09-25,08:35:12,43.0,Sarah,positive,True,service_quality,N/A,N/A,CUST14306,AGENT1773,English,excellent,no,yes
call_001943.json,1943,billing,2025-09-08,17:33:36,43.3,James,neutral,False,sales_inquiry,N/A,N/A,CUST79088,AGENT7882,English,good,yes,no
call_001944.json,1944,general,2025-08-29,17:44:50,41.2,Robert,positive,False,billing,N/A,N/A,CUST28036,AGENT4938,English,excellent,no,no
call_001945.json,1945,retention,2025-08-20,11:53:04,42.1,Robert,positive,False,account,N/A,N/A,CUST39738,AGENT4303,English,poor,yes,no
call_001946.json,1946,sales,2025-09-24,12:03:49,51.7,Lisa,negative,N/A,technical_support,True,TV Package,CUST75269,AGENT1473,English,excellent,yes,no
call_001947.json,1947,sales,2025-09-30,14:15:46,42.9,Jennifer,neutral,N/A,connectivity,False,Mobile Plan,CUST64961,AGENT1816,English,poor,no,yes
call_001948.json,1948,sales,2025-08-19,10:09:35,39.8,Mike,positive,N/A,account,False,Add-on Service,CUST10568,AGENT1105,English,fair,no,yes
call_001949.json,1949,billing,2025-09-23,14:37:24,49.5,Mike,negative,True,technical_support,N/A,N/A,CUST43726,AGENT3948,English,excellent,no,yes
call_001950.json,1950,sales,2025-08-15,12:38:36,43.1,James,negative,N/A,complaint,False,Device,CUST54338,AGENT1193,English,good,yes,yes
call_001951.json,1951,account,2025-08-29,08:09:47,46.6,Jennifer,neutral,True,technical_support,N/A,N/A,CUST74613,AGENT4116,English,fair,no,yes
call_001952.json,1952,account,2025-10-07,16:35:23,43.8,Sarah,neutral,True,account,N/A,N/A,CUST14197,AGENT5032,English,fair,no,no
call_001953.json,1953,general,2025-09-15,17:01:45,42.4,James,positive,False,complaint,N/A,N/A,CUST77066,AGENT9157,English,poor,no,no
call_001954.json,1954,account,2025-09-21,14:55:27,41.5,James,positive,False,retention,N/A,N/A,CUST26329,AGENT6255,English,poor,yes,yes
call_001955.json,1955,retention,2025-10-30,09:38:39,47.0,James,negative,False,connectivity,N/A,N/A,CUST62483,AGENT5689,English,good,no,no
call_001956.json,1956,technical,2025-10-09,16:45:47,45.5,Lisa,neutral,True,connectivity,N/A,N/A,CUST26732,AGENT4229,English,good,no,yes
call_001957.json,1957,retention,2025-09-26,10:53:31,43.5,James,negative,False,complaint,N/A,N/A,CUST43601,AGENT7018,English,excellent,yes,no
call_001958.json,1958,retention,2025-09-05,17:06:56,49.4,Mike,positive,True,retention,N/A,N/A,CUST72475,AGENT2385,English,excellent,yes,yes
call_001959.json,1959,sales,2025-10-24,16:05:22,45.9,James,negative,N/A,inquiry,True,TV Package,CUST10106,AGENT5566,English,good,no,yes
call_001960.json,1960,retention,2025-08-21,14:30:55,46.6,Jennifer,negative,True,service_quality,N/A,N/A,CUST18568,AGENT7474,English,poor,yes,yes
call_001961.json,1961,sales,2025-10-16,08:34:21,48.6,Mike,positive,N/A,device,False,TV Package,CUST48203,AGENT9151,English,excellent,no,yes
call_001962.json,1962,billing,2025-10-19,17:31:55,38.1,David,positive,True,complaint,N/A,N/A,CUST39627,AGENT8255,English,excellent,yes,yes
call_001963.json,1963,billing,2025-11-05,14:26:30,45.2,James,positive,False,billing,N/A,N/A,CUST28594,AGENT4337,English,poor,no,no
call_001964.json,1964,general,2025-10-01,13:38:03,38.3,David,positive,False,inquiry,N/A,N/A,CUST45124,AGENT8692,English,good,yes,no
call_001965.json,1965,general,2025-09-17,16:00:37,42.4,Robert,neutral,False,sales_inquiry,N/A,N/A,CUST41510,AGENT5164,English,good,no,no
call_001966.json,1966,account,2025-11-03,10:46:43,41.2,Lisa,neutral,True,billing,N/A,N/A,CUST13644,AGENT8289,English,poor,yes,no
call_001967.json,1967,technical,2025-10-15,08:10:14,45.3,Sarah,positive,True,technical_support,N/A,N/A,CUST85658,AGENT9510,English,poor,yes,yes
call_001968.json,1968,support,2025-10-21,15:17:00,44.0,Sarah,positive,True,billing,N/A,N/A,CUST28990,AGENT7958,English,poor,no,no
call_001969.json,1969,sales,2025-10-27,10:48:44,42.4,Lisa,negative,N/A,billing,True,Bundles,CUST25089,AGENT3242,English,good,no,yes
call_001970.json,1970,account,2025-11-08,10:16:40,43.8,Mike,neutral,True,technical_support,N/A,N/A,CUST31666,AGENT9552,English,fair,yes,yes
call_001971.json,1971,billing,2025-08-20,08:04:27,35.8,Lisa,neutral,True,retention,N/A,N/A,CUST50208,AGENT4693,English,excellent,yes,yes
call_001972.json,1972,general,2025-10-11,14:47:18,44.1,Jennifer,positive,False,inquiry,N/A,N/A,CUST94100,AGENT4888,English,good,no,no
call_001973.json,1973,technical,2025-10-31,08:42:04,40.5,Mike,neutral,False,retention,N/A,N/A,CUST84854,AGENT6700,English,excellent,no,no
call_001974.json,1974,technical,2025-10-08,10:17:16,43.8,Emily,positive,True,sales_inquiry,N/A,N/A,CUST26552,AGENT5980,English,excellent,no,no
call_001975.json,1975,billing,2025-10-01,15:42:37,41.7,James,neutral,False,device,N/A,N/A,CUST95631,AGENT3312,English,good,no,yes
call_001976.json,1976,general,2025-10-01,15:27:26,43.9,Sarah,negative,True,technical_support,N/A,N/A,CUST87313,AGENT1127,English,fair,yes,no
call_001977.json,1977,general,2025-09-10,10:31:59,46.0,James,neutral,True,device,N/A,N/A,CUST17231,AGENT3190,English,fair,no,no
call_001978.json,1978,retention,2025-09-06,10:12:34,41.9,Lisa,neutral,False,inquiry,N/A,N/A,CUST30258,AGENT6465,English,poor,no,no
call_001979.json,1979,technical,2025-09-08,14:40:24,39.0,Emily,negative,True,device,N/A,N/A,CUST73351,AGENT4691,English,poor,yes,no
call_001980.json,1980,account,2025-10-06,09:10:55,42.3,Emily,positive,False,device,N/A,N/A,CUST86310,AGENT6281,English,fair,no,yes
call_001981.json,1981,sales,2025-09-11,10:47:56,47.5,Lisa,negative,N/A,connectivity,False,TV Package,CUST17832,AGENT2184,English,excellent,yes,yes
call_001982.json,1982,technical,2025-08-13,09:06:29,46.4,Mike,negative,True,retention,N/A,N/A,CUST59858,AGENT7204,English,good,yes,yes
call_001983.json,1983,support,2025-09-30,17:07:40,44.6,David,negative,False,connectivity,N/A,N/A,CUST66644,AGENT2717,English,good,no,no
call_001984.json,1984,billing,2025-10-17,12:11:35,42.4,Emily,negative,False,connectivity,N/A,N/A,CUST35930,AGENT2626,English,excellent,no,no
call_001985.json,1985,support,2025-09-01,08:35:54,50.8,James,neutral,False,connectivity,N/A,N/A,CUST57705,AGENT8825,English,excellent,no,yes
call_001986.json,1986,sales,2025-10-30,12:39:01,45.2,Jennifer,negative,N/A,connectivity,True,Mobile Plan,CUST62771,AGENT7626,English,poor,yes,yes
call_001987.json,1987,sales,2025-09-26,09:14:00,48.5,Robert,negative,N/A,inquiry,True,Broadband,CUST97075,AGENT4951,English,poor,yes,yes
call_001988.json,1988,general,2025-11-06,13:30:40,44.8,James,positive,False,billing,N/A,N/A,CUST25794,AGENT4787,English,good,no,yes
call_001989.json,1989,general,2025-09-09,15:31:07,42.3,David,neutral,True,inquiry,N/A,N/A,CUST21579,AGENT1944,English,excellent,no,no
call_001990.json,1990,retention,2025-08-14,09:05:25,42.0,Emily,positive,False,connectivity,N/A,N/A,CUST77626,AGENT9503,English,poor,yes,yes
call_001991.json,1991,technical,2025-10-07,16:54:19,47.6,Lisa,negative,False,service_quality,N/A,N/A,CUST24933,AGENT8248,English,excellent,no,no
call_001992.json,1992,billing,2025-11-03,12:33:11,42.6,David,negative,False,retention,N/A,N/A,CUST62052,AGENT5698,English,good,yes,yes
call_001993.json,1993,technical,2025-09-19,13:03:08,43.3,David,negative,True,sales_inquiry,N/A,N/A,CUST73416,AGENT2337,English,fair,yes,no
call_001994.json,1994,retention,2025-09-04,16:03:46,41.9,Robert,neutral,True,connectivity,N/A,N/A,CUST25467,AGENT3294,English,fair,yes,yes
call_001995.json,1995,billing,2025-08-16,08:23:11,45.8,David,positive,False,complaint,N/A,N/A,CUST26418,AGENT4071,English,poor,no,yes
call_001996.json,1996,billing,2025-10-14,12:47:54,42.4,Robert,negative,False,retention,N/A,N/A,CUST69699,AGENT8633,English,fair,yes,no
call_001997.json,1997,billing,2025-10-25,15:32:39,46.5,James,negative,True,connectivity,N/A,N/A,CUST33783,AGENT5059,English,poor,no,yes
call_001998.json,1998,retention,2025-10-20,09:40:03,48.3,Emily,positive,False,technical_support,N/A,N/A,CUST17907,AGENT3984,English,fair,yes,yes
call_001999.json,1999,sales,2025-11-03,17:37:32,49.6,Sarah,neutral,N/A,service_quality,False,Device,CUST52725,AGENT3883,English,poor,no,yes
call_002000.json,2000,account,2025-09-13,15:12:01,46.3,Sarah,positive,False,sales_inquiry,N/A,N/A,CUST40492,AGENT7121,English,fair,no,yes
